name,height,weight,reach,stance,wins,losses,draws
Tom Aaron,--,155 lbs.,--,,5,3,0
Danny Abbadi,"5' 11""",155 lbs.,--,Orthodox,4,6,0
Nariman Abbasov,"5' 8""",155 lbs.,"66.0""",Orthodox,28,4,0
David Abbott,"6' 0""",265 lbs.,--,Switch,10,15,0
Hamdy Abdelwahab,"6' 2""",264 lbs.,"72.0""",Southpaw,6,0,0
Mansur Abdul-Malik,"6' 2""",185 lbs.,"79.0""",Orthodox,8,0,0
Shamil Abdurakhimov,"6' 3""",235 lbs.,"76.0""",Orthodox,20,8,0
Hiroyuki Abe,"5' 6""",145 lbs.,--,Orthodox,8,15,3
Daichi Abe,"5' 11""",170 lbs.,"71.0""",Orthodox,6,2,0
Papy Abedi,"5' 11""",185 lbs.,--,Southpaw,10,4,0
Ricardo Abreu,"5' 11""",185 lbs.,--,Orthodox,5,1,0
Klidson Abreu,"6' 0""",205 lbs.,"74.0""",Orthodox,15,4,0
Cyborg Abreu,--,--,--,,0,0,0
Daniel Acacio,"5' 8""",180 lbs.,--,Orthodox,30,18,0
John Adajar,"5' 9""",170 lbs.,"75.0""",Orthodox,6,2,0
Scott Adams,"6' 0""",225 lbs.,--,Southpaw,8,1,0
Juan Adams,"6' 5""",265 lbs.,"80.0""",Orthodox,5,3,0
Anthony Adams,"6' 1""",185 lbs.,"76.0""",Orthodox,8,2,0
Zarrukh Adashev,"5' 5""",125 lbs.,"65.0""",Southpaw,4,4,0
Israel Adesanya,"6' 4""",185 lbs.,"80.0""",Switch,24,5,0
Sam Adkins,"6' 3""",225 lbs.,--,Orthodox,7,20,2
Mohamed Ado,"5' 11""",170 lbs.,"76.0""",Switch,5,1,0
Nick Agallar,"5' 8""",155 lbs.,--,Orthodox,24,6,0
Mariya Agapova,"5' 6""",125 lbs.,"68.0""",Southpaw,10,5,0
Kantharaj Agasa,--,135 lbs.,--,,12,3,0
Marcelo Aguiar,"5' 10""",170 lbs.,--,Orthodox,2,3,1
Fabio Aguiar,"6' 0""",185 lbs.,--,,17,1,0
Edwin Aguilar,"5' 10""",185 lbs.,--,,26,19,0
Jessica Aguilar,"5' 3""",115 lbs.,"63.0""",Orthodox,20,8,0
Kevin Aguilar,"5' 7""",155 lbs.,"73.0""",Orthodox,17,5,0
Jesus Aguilar,"5' 4""",125 lbs.,"62.0""",Orthodox,11,3,0
Christian Aguilera,"5' 9""",170 lbs.,"72.0""",Switch,14,8,0
Nick Aguirre,"5' 9""",135 lbs.,"74.0""",Southpaw,7,2,0
Mike Aina,"5' 9""",155 lbs.,--,Orthodox,14,6,1
Ashiek Ajim,"5' 8""",135 lbs.,"71.0""",Switch,6,2,0
Hitomi Akano,"5' 4""",135 lbs.,--,Southpaw,18,10,0
Omari Akhmedov,"6' 0""",185 lbs.,"73.0""",Orthodox,21,6,1
Yoshihiro Akiyama,"5' 10""",170 lbs.,"75.0""",Orthodox,14,6,0
Rostem Akman,"5' 10""",170 lbs.,"72.0""",Switch,6,2,0
Razak Al-Hassan,"6' 2""",205 lbs.,--,Orthodox,13,5,0
Abdul-Kareem Al-Selwady,"5' 8""",155 lbs.,"69.0""",Orthodox,15,4,0
Mostapha Al-Turk,"6' 2""",245 lbs.,"77.0""",Orthodox,6,6,0
Herdem Alacabek,"6' 2""",205 lbs.,"75.0""",Orthodox,5,1,0
Javi Alanis,"5' 6""",135 lbs.,--,,0,4,0
 Alatengheili,"5' 5""",135 lbs.,"66.0""",Orthodox,17,9,2
Amir Albazi,"5' 5""",125 lbs.,"68.0""",Orthodox,17,2,0
Brett Albee,--,225 lbs.,--,,3,2,0
John Albert,"5' 8""",135 lbs.,"68.0""",Orthodox,6,5,0
Junior Albini,"6' 3""",264 lbs.,"74.0""",Orthodox,14,6,0
Wes Albritton,"5' 10""",188 lbs.,--,Orthodox,0,1,0
Aleksandra Albu,"5' 2""",115 lbs.,"63.0""",Orthodox,3,2,0
Israel Albuquerque,--,185 lbs.,--,Orthodox,0,3,0
Juan Alcain,--,--,--,,1,2,0
Iuri Alcantara,"5' 9""",135 lbs.,"71.0""",Southpaw,35,10,0
Ildemar Alcantara,"6' 2""",185 lbs.,"78.0""",Orthodox,21,11,0
Alfonso Alcarez,"5' 3""",145 lbs.,--,,1,3,1
Gilbert Aldana,"6' 1""",250 lbs.,--,Orthodox,6,2,0
Irene Aldana,"5' 9""",135 lbs.,"68.0""",Orthodox,15,8,0
Hector Aldana,"5' 11""",170 lbs.,"72.0""",Orthodox,4,3,0
Jose Alday,"5' 7""",135 lbs.,"68.0""",Orthodox,14,6,1
Jose Aldo,"5' 7""",135 lbs.,"70.0""",Orthodox,32,9,0
JJ Aldrich,"5' 5""",125 lbs.,"67.0""",Southpaw,14,7,0
Irina Alekseeva,"5' 8""",135 lbs.,"67.0""",Orthodox,5,2,0
Talita Alencar,"5' 1""",115 lbs.,"58.0""",Orthodox,5,1,1
Jim Alers,"5' 9""",145 lbs.,"71.0""",Orthodox,13,3,0
John Alessio,"5' 10""",155 lbs.,"72.0""",Orthodox,35,17,0
Houston Alexander,"6' 0""",205 lbs.,"72.0""",Orthodox,17,15,1
Kenneth Alexander,"5' 9""",155 lbs.,--,Orthodox,7,6,0
Lucas Alexander,"5' 11""",145 lbs.,"73.0""",Orthodox,8,5,0
Marcio Alexandre Junior,"6' 0""",185 lbs.,"75.0""",Southpaw,17,4,0
Olaf Alfonso,"6' 2""",170 lbs.,--,Orthodox,8,12,0
Pablo Alfonso,"5' 8""",145 lbs.,--,,9,7,0
Levi Alford,--,--,--,,1,7,0
Bill Algeo,"6' 0""",145 lbs.,"73.0""",Switch,18,9,0
Royce Alger,"5' 10""",199 lbs.,--,Orthodox,3,2,0
Amir Aliakbari,"6' 3""",250 lbs.,--,,10,1,0
Sultan Aliev,"5' 11""",170 lbs.,"74.0""",Orthodox,15,3,0
Nurullo Aliev,"5' 10""",155 lbs.,"72.0""",Orthodox,10,0,0
Ikram Aliskerov,"6' 0""",185 lbs.,"76.0""",Southpaw,15,2,0
Leon Aliu,"6' 0""",185 lbs.,"74.0""",Orthodox,10,2,0
John Allan,"6' 1""",205 lbs.,"75.0""",Orthodox,13,7,0
George Allen,"6' 2""",205 lbs.,--,Open Stance,13,19,2
Arnold Allen,"5' 8""",145 lbs.,"70.0""",Southpaw,20,3,0
Brendan Allen,"6' 2""",185 lbs.,"75.0""",Orthodox,24,7,0
Daniel Allen,"6' 0""",155 lbs.,"75.0""",Southpaw,5,0,0
Ben Alloway,"5' 11""",170 lbs.,"76.0""",Orthodox,18,8,0
Asu Almabayev,"5' 4""",125 lbs.,"65.0""",Orthodox,21,3,0
Bekzat Almakhan,"5' 7""",135 lbs.,"68.0""",Orthodox,11,2,0
John Dave Almanza,"5' 7""",125 lbs.,"67.0""",Southpaw,6,1,0
Ricardo Almeida,"6' 0""",170 lbs.,"74.0""",Orthodox,13,5,0
Magno Almeida,"6' 0""",155 lbs.,--,,10,3,0
Thomas Almeida,"5' 7""",145 lbs.,"70.0""",Southpaw,22,5,0
Ericka Almeida,"5' 6""",115 lbs.,--,Orthodox,7,3,0
Estefani Almeida,"5' 4""",125 lbs.,--,Orthodox,7,3,0
Jailton Almeida,"6' 3""",205 lbs.,"79.0""",Orthodox,22,3,0
Lucas Almeida,"5' 11""",145 lbs.,"71.0""",Orthodox,15,4,0
Cesar Almeida,"6' 1""",185 lbs.,"74.0""",Orthodox,7,1,0
Mauricio Alonso,"6' 2""",170 lbs.,--,,13,7,0
Sarah Alpar,"5' 4""",135 lbs.,"63.0""",Southpaw,9,6,0
Ali AlQaisi,"5' 6""",135 lbs.,"68.0""",Orthodox,8,5,0
Rico Altamirano,"5' 10""",170 lbs.,--,,4,3,0
Victor Altamirano,"5' 8""",125 lbs.,"70.0""",Switch,12,5,0
Mike Altman,"5' 10""",185 lbs.,--,Orthodox,1,4,0
Patricia Alujas,"5' 4""",115 lbs.,"64.0""",Orthodox,9,3,0
Sean Alvarez,"6' 0""",235 lbs.,--,Orthodox,4,3,0
Eddie Alvarez,"5' 9""",155 lbs.,"69.0""",Orthodox,29,6,0
Jaime Alvarez,"5' 8""",125 lbs.,"69.0""",Orthodox,6,1,0
Joel Alvarez,"6' 3""",155 lbs.,"77.0""",Orthodox,22,3,0
Thiago Alves,"5' 9""",170 lbs.,"70.0""",Orthodox,23,15,0
Anthony Alves,--,--,--,,1,4,0
Amilcar Alves,"6' 0""",170 lbs.,--,Southpaw,15,12,0
Warlley Alves,"5' 11""",185 lbs.,"72.0""",Orthodox,15,8,0
Rafael Alves,"5' 8""",155 lbs.,"68.0""",Orthodox,20,12,0
Sam Alvey,"6' 2""",185 lbs.,"75.0""",Southpaw,33,18,1
Andre Amado,"6' 0""",154 lbs.,--,Orthodox,6,4,1
Adlan Amagov,"6' 2""",170 lbs.,"76.0""",Orthodox,14,2,1
Maiara Amanajas dos Santos,"5' 5""",115 lbs.,--,Southpaw,7,3,0
Chris Amarante,--,185 lbs.,--,,2,0,0
Jimmy Ambriz,"6' 2""",315 lbs.,--,Southpaw,17,21,1
JJ Ambrose,"5' 10""",170 lbs.,--,Orthodox,28,7,0
Alen Amedovski,"5' 10""",185 lbs.,"74.0""",Orthodox,8,4,0
Hyder Amil,"5' 9""",145 lbs.,"70.0""",Switch,11,0,0
Hamid Amiri,--,145 lbs.,--,,9,0,0
Makwan Amirkhani,"5' 10""",145 lbs.,"72.0""",Southpaw,17,9,0
Jaqueline Amorim,"5' 3""",115 lbs.,"68.0""",Orthodox,9,1,0
Bertrand Amoussou,"5' 8""",190 lbs.,--,Orthodox,1,1,0
Karl Amoussou,"5' 11""",185 lbs.,--,Orthodox,27,7,2
Eryk Anders,"6' 1""",185 lbs.,"75.0""",Southpaw,17,8,0
Matt Andersen,"6' 2""",230 lbs.,--,Southpaw,14,8,1
Andy Anderson,"5' 6""",240 lbs.,--,,0,1,0
Lowell Anderson,"5' 6""",160 lbs.,--,Orthodox,0,1,0
Corey Anderson,"6' 3""",205 lbs.,"79.0""",Orthodox,14,5,0
Derek Anderson,"6' 0""",155 lbs.,--,,14,3,0
Megan Anderson,"6' 0""",145 lbs.,"72.0""",Orthodox,11,5,0
Liam Anderson,"6' 3""",185 lbs.,"75.0""",Orthodox,6,3,0
Tatsuya Ando,"5' 4""",145 lbs.,"68.0""",Southpaw,14,4,1
Alex Andrade,"5' 11""",200 lbs.,--,Orthodox,10,5,0
Jessica Andrade,"5' 1""",125 lbs.,"62.0""",Orthodox,26,13,0
Viscardi Andrade,"5' 11""",170 lbs.,"75.0""",Orthodox,19,6,0
Jermaine Andre,"5' 7""",200 lbs.,--,Orthodox,14,4,0
Juan Andres Luna,"5' 7""",125 lbs.,"72.0""",Orthodox,12,1,0
Fellipe Andrew,--,--,--,,0,0,0
Dylan Andrews,"6' 1""",185 lbs.,"74.0""",Switch,18,7,0
Reese Andy,"6' 0""",205 lbs.,--,Orthodox,7,3,0
 Angga,"5' 7""",145 lbs.,"68.0""",Orthodox,13,3,0
Julius Anglickas,"6' 3""",205 lbs.,--,Orthodox,5,1,0
Collin Anglin,"5' 9""",145 lbs.,"71.0""",Orthodox,8,3,0
Chad Anheliger,"5' 6""",135 lbs.,"64.0""",Orthodox,13,8,0
Yoji Anjo,"5' 11""",205 lbs.,--,Orthodox,0,5,1
Magomed Ankalaev,"6' 3""",205 lbs.,"75.0""",Orthodox,21,1,1
Gadzhimurad Antigulov,"5' 11""",205 lbs.,"70.0""",Orthodox,20,8,0
Adam Antolin,"5' 5""",125 lbs.,"63.0""",Orthodox,12,3,0
Angelo Antonio,--,205 lbs.,--,Orthodox,1,4,0
Vanilto Antunes,"6' 0""",170 lbs.,"72.0""",Orthodox,16,7,0
Azunna Anyanwu,"6' 1""",251 lbs.,--,Orthodox,14,5,0
Shinsho Anzai,"5' 7""",170 lbs.,"70.0""",Orthodox,10,3,0
Shinya Aoki,"5' 11""",154 lbs.,--,Southpaw,39,7,0
 Aoriqileng,"5' 7""",135 lbs.,"69.0""",Orthodox,25,12,0
Josh Appelt,"5' 10""",255 lbs.,--,Southpaw,15,7,0
Erik Apple,"6' 0""",170 lbs.,--,Orthodox,10,3,0
Kenji Arai,"5' 10""",145 lbs.,--,Southpaw,15,15,5
Romie Aram,"5' 10""",170 lbs.,--,Orthodox,7,1,0
Felipe Arantes,"5' 8""",135 lbs.,"73.0""",Orthodox,18,10,1
Igor Araujo,"6' 1""",170 lbs.,"77.0""",Orthodox,25,9,0
Viviane Araujo,"5' 4""",125 lbs.,"68.0""",Orthodox,13,6,0
Julio Arce,"5' 7""",145 lbs.,"70.0""",Southpaw,19,6,0
Art Arciniega,"5' 8""",145 lbs.,--,,15,7,0
Alice Ardelean,"5' 3""",115 lbs.,"62.0""",Orthodox,9,7,0
Tristan Arenal,--,155 lbs.,--,,7,4,0
Gabriel Arges,--,170 lbs.,--,,0,0,0
Dan Argueta,"5' 7""",135 lbs.,"68.0""",Southpaw,9,3,0
Reza Arianto,--,155 lbs.,--,,5,0,0
Hashem Arkhagha,"6' 2""",185 lbs.,"75.0""",Orthodox,6,1,0
Andrei Arlovski,"6' 3""",240 lbs.,"77.0""",Orthodox,34,24,0
Garrett Armfield,"5' 6""",135 lbs.,"70.0""",Orthodox,10,5,0
Joey Armstrong,--,--,--,,5,2,0
Austin Arnett,"6' 0""",145 lbs.,"72.0""",Orthodox,16,6,0
Ricardo Arona,"5' 11""",205 lbs.,--,Orthodox,14,5,0
Eli Aronov,"5' 10""",185 lbs.,"72.0""",Orthodox,6,1,0
Chalid Arrab,"5' 11""",205 lbs.,--,Orthodox,7,3,0
Akbarh Arreola,"5' 10""",155 lbs.,"71.0""",Southpaw,23,11,1
Matt Arroyo,"5' 10""",170 lbs.,"72.0""",Orthodox,3,3,0
Antonio Arroyo,"6' 3""",185 lbs.,"73.0""",Orthodox,9,5,0
Gilles Arsene,"5' 9""",190 lbs.,--,Southpaw,1,1,0
Veta Arteaga,"5' 7""",125 lbs.,--,,3,1,0
Cesar Arzamendia,"5' 11""",155 lbs.,--,Orthodox,8,3,0
Kai Asakura,"5' 8""",125 lbs.,"69.0""",Orthodox,21,5,0
Teddy Ash,"6' 1""",185 lbs.,"73.0""",Switch,14,5,0
Arman Ashimov,"5' 6""",125 lbs.,--,,11,3,1
Yanal Ashmouz,"5' 9""",155 lbs.,"69.0""",Orthodox,8,1,0
 Asjabharan,"5' 6""",135 lbs.,--,,7,6,0
Askar Askar,"5' 7""",145 lbs.,"69.0""",Orthodox,11,1,0
Askar Askarov,"5' 6""",125 lbs.,"67.0""",Orthodox,14,1,1
Cyril Asker,"6' 0""",247 lbs.,"74.0""",Orthodox,9,4,0
Khusein Askhabov,"5' 8""",145 lbs.,"69.0""",Orthodox,23,1,0
Scott Askham,"6' 3""",185 lbs.,"75.0""",Southpaw,14,4,0
Ben Askren,"5' 11""",170 lbs.,"73.0""",Orthodox,19,2,0
Ibo Aslan,"6' 3""",205 lbs.,"77.0""",Orthodox,14,2,0
Tom Aspinall,"6' 5""",256 lbs.,"78.0""",Orthodox,15,3,0
Bruno Assis,"6' 2""",185 lbs.,--,Orthodox,8,4,0
Junior Assuncao,"5' 9""",145 lbs.,"72.0""",Orthodox,16,6,0
Raphael Assuncao,"5' 5""",135 lbs.,"66.0""",Orthodox,28,10,0
Michael Aswell,"5' 8""",145 lbs.,"69.0""",Orthodox,9,2,0
Bazigit Atajev,"6' 1""",230 lbs.,--,Orthodox,17,1,0
Rich Attonito,"5' 10""",170 lbs.,"72.0""",Orthodox,10,5,0
Olivier Aubin-Mercier,"5' 9""",155 lbs.,"70.0""",Southpaw,11,5,0
Pat Audinwood,"6' 0""",155 lbs.,--,Orthodox,11,2,1
Jose Augusto,"6' 3""",251 lbs.,--,,6,2,0
Marcus Aurelio,"5' 10""",155 lbs.,"74.0""",Orthodox,22,10,0
David Avellan,"5' 9""",185 lbs.,--,Orthodox,2,1,0
Blas Avena,"6' 0""",170 lbs.,"74.0""",Orthodox,8,7,0
Levi Avera,"6' 1""",170 lbs.,--,,18,15,0
Anthony Avila,"5' 7""",145 lbs.,--,,13,5,0
Chris Avila,"5' 10""",145 lbs.,--,Orthodox,5,4,0
Julia Avila,"5' 7""",135 lbs.,"68.0""",Orthodox,9,4,0
Saad Awad,"5' 11""",155 lbs.,--,,20,9,0
Javy Ayala,"6' 1""",265 lbs.,--,,10,5,0
Jessin Ayari,"6' 0""",155 lbs.,"73.0""",Orthodox,16,6,0
Abu Azaitar,"5' 9""",185 lbs.,"76.0""",Orthodox,14,4,1
Ottman Azaitar,"5' 8""",155 lbs.,"71.0""",Switch,13,3,0
Luiz Azeredo,"5' 9""",154 lbs.,--,Orthodox,15,10,0
Luciano Azevedo,"6' 3""",161 lbs.,--,Orthodox,17,9,1
Hunter Azure,"5' 8""",145 lbs.,"69.0""",Orthodox,9,2,0
Niklas Backstrom,"6' 1""",145 lbs.,--,Orthodox,11,3,0
Seth Baczynski,"6' 3""",170 lbs.,"75.0""",Orthodox,20,14,0
Abdul Azeem Badakhshi,--,145 lbs.,--,,13,3,0
Ryan Bader,"6' 2""",205 lbs.,"74.0""",Orthodox,23,5,0
Izabela Badurek,"5' 5""",115 lbs.,--,Orthodox,6,3,0
Miguel Baeza,"6' 2""",170 lbs.,"74.0""",Orthodox,10,4,0
Ali Bagautinov,"5' 4""",125 lbs.,"65.0""",Orthodox,15,6,0
Mehdi Baghdad,"6' 1""",155 lbs.,--,Orthodox,11,5,0
Melsik Baghdasaryan,"5' 9""",145 lbs.,"70.0""",Southpaw,8,3,0
Siyar Bahadurzada,"5' 11""",170 lbs.,"73.0""",Orthodox,24,8,1
Ignacio Bahamondes,"6' 3""",155 lbs.,"75.0""",Orthodox,17,5,0
Bahatebole Batebolati,"5' 8""",170 lbs.,"71.0""",Southpaw,10,1,1
Shamar Bailey,"5' 9""",155 lbs.,"75.0""",Southpaw,16,11,0
Jordan Bailey,"5' 9""",145 lbs.,--,,6,3,0
Scott Baker,"6' 0""",210 lbs.,--,,1,1,0
Bryan Baker,"6' 3""",185 lbs.,--,Orthodox,18,5,0
Jin Bala,"5' 9""",155 lbs.,--,,23,3,0
 Balajin,"5' 9""",145 lbs.,"72.0""",Orthodox,23,4,0
Oluwale Bamgbose,"5' 11""",185 lbs.,"78.0""",Switch,6,4,0
Stephen Banaszak,"6' 0""",145 lbs.,--,,5,5,0
Marcin Bandel,"5' 10""",155 lbs.,--,Orthodox,15,7,0
Humberto Bandenay,"5' 11""",145 lbs.,"71.0""",Southpaw,14,7,0
Tae Hyun Bang,"5' 9""",155 lbs.,"71.0""",Switch,18,10,0
Yohan Banks,--,--,--,,2,1,0
Shauna Bannon,"5' 5""",115 lbs.,"65.0""",Switch,7,1,0
Antonio Banuelos,"5' 5""",135 lbs.,"63.0""",Orthodox,20,11,1
Renan Barao,"5' 6""",145 lbs.,"70.0""",Orthodox,34,9,0
Junior Barata,"5' 10""",170 lbs.,--,Orthodox,9,3,1
Maycee Barber,"5' 5""",125 lbs.,"65.0""",Switch,14,2,0
Bryan Barberena,"6' 0""",185 lbs.,"72.0""",Southpaw,18,12,0
Dione Barbosa,"5' 6""",125 lbs.,"66.0""",Orthodox,7,3,0
Edson Barboza,"5' 11""",145 lbs.,"75.0""",Orthodox,24,12,0
Raoni Barcelos,"5' 7""",135 lbs.,"67.0""",Orthodox,19,5,0
Daniel Barez,"5' 6""",125 lbs.,"66.0""",Orthodox,17,7,0
Danny Barlow,"6' 2""",170 lbs.,"79.0""",Southpaw,9,1,0
Luke Barnatt,"6' 6""",185 lbs.,"77.0""",Orthodox,13,4,0
James Barnes,"5' 8""",135 lbs.,"71.0""",Orthodox,14,5,0
Nick Barnes,"5' 11""",170 lbs.,--,,11,2,0
Shonte Barnes,"5' 11""",185 lbs.,"76.0""",Southpaw,6,2,1
Josh Barnett,"6' 3""",250 lbs.,"78.0""",Orthodox,35,8,0
Chris Barnett,"5' 9""",265 lbs.,"75.0""",Orthodox,23,9,0
Chris Barnhizer,--,--,--,,2,3,0
David Baron,"5' 6""",155 lbs.,--,Switch,17,4,1
Phil Baroni,"5' 9""",170 lbs.,"72.0""",Orthodox,15,18,0
Dan Barrera,"5' 9""",170 lbs.,--,Orthodox,3,1,0
Carlos Barreto,"6' 4""",230 lbs.,--,Orthodox,14,9,0
Jose Barreto,--,185 lbs.,--,Southpaw,0,1,0
Peter Barrett,"5' 10""",145 lbs.,"73.0""",Southpaw,11,5,0
Marc-Andre Barriault,"6' 1""",185 lbs.,"74.0""",Orthodox,16,9,0
David Barrios,"5' 6""",145 lbs.,--,,4,8,0
Alexandre Barros,"5' 9""",170 lbs.,--,Southpaw,22,11,0
Ricardo Barros,"6' 1""",205 lbs.,--,,2,2,0
Francimar Barroso,"6' 1""",205 lbs.,"75.0""",Orthodox,19,7,0
Pat Barry,"5' 11""",235 lbs.,"74.0""",Orthodox,8,7,0
Dean Barry,"5' 10""",170 lbs.,"72.0""",Orthodox,4,2,0
Enrique Barzola,"5' 7""",145 lbs.,"70.0""",Orthodox,17,5,2
Javid Basharat,"5' 9""",135 lbs.,"69.0""",Orthodox,14,2,0
Farid Basharat,"5' 8""",135 lbs.,"71.0""",Orthodox,13,0,0
Austin Bashi,"5' 6""",145 lbs.,"70.0""",Orthodox,13,1,0
Stephen Bass,"5' 9""",145 lbs.,--,Orthodox,11,2,0
Sean Bassett,--,155 lbs.,--,,0,4,0
Ryan Bastianelli,"5' 5""",135 lbs.,--,,6,7,0
Shayna Baszler,"5' 7""",135 lbs.,--,Orthodox,15,11,0
Michel Batista,"6' 3""",260 lbs.,--,Orthodox,4,1,0
Bryan Battle,"6' 1""",170 lbs.,"77.0""",Orthodox,13,2,0
Alan Baudot,"6' 3""",243 lbs.,"79.0""",Orthodox,8,3,0
Mario Bautista,"5' 9""",135 lbs.,"69.0""",Switch,15,2,0
Chris Beal,"5' 7""",125 lbs.,"69.0""",Orthodox,10,5,0
Donovan Beard,"6' 2""",185 lbs.,"78.0""",Orthodox,7,2,0
Rudy Bears,"5' 11""",170 lbs.,--,Southpaw,16,15,0
Salvador Becerra,"5' 9""",155 lbs.,--,,5,2,0
Ariel Beck,"5' 6""",125 lbs.,"66.0""",Southpaw,4,5,0
Jeff Bedard,"5' 6""",145 lbs.,--,Orthodox,13,3,0
Eric Bedard,"6' 2""",239 lbs.,--,,6,7,0
Johnny Bedford,"5' 10""",135 lbs.,"71.0""",Orthodox,21,13,1
Rolando Bedoya,"5' 11""",155 lbs.,"74.0""",Orthodox,14,4,0
Chase Beebe,"5' 7""",135 lbs.,"67.0""",Orthodox,24,13,1
Lyle Beerbohm,"5' 10""",155 lbs.,--,Southpaw,24,3,0
Allan Begosso,"5' 5""",135 lbs.,"66.0""",Orthodox,7,2,1
Azamat Bekoev,"6' 0""",185 lbs.,"72.0""",Orthodox,19,3,0
Mirsad Bektic,"5' 8""",145 lbs.,"70.0""",Orthodox,13,4,0
Diana Belbita,"5' 7""",125 lbs.,"68.0""",Orthodox,15,9,0
Alan Belcher,"6' 2""",185 lbs.,"75.0""",Orthodox,18,8,0
Vitor Belfort,"6' 0""",185 lbs.,"74.0""",Southpaw,26,14,0
Yousri Belgaroui,"6' 5""",185 lbs.,"79.0""",Orthodox,8,3,0
Rodolfo Bellato,"6' 3""",205 lbs.,"77.0""",Orthodox,12,2,1
Danilo Belluardo,"6' 0""",155 lbs.,"74.0""",Southpaw,12,5,0
Joey Beltran,"6' 1""",185 lbs.,"75.0""",Orthodox,17,14,0
Marco Beltran,"5' 8""",125 lbs.,"69.0""",Orthodox,8,6,0
Joseph Benavidez,"5' 4""",125 lbs.,"65.0""",Southpaw,28,8,0
Mike Bencic,"6' 0""",215 lbs.,--,Orthodox,1,2,0
Dave Beneteau,"6' 2""",250 lbs.,--,Orthodox,6,5,1
Karla Benitez,"5' 3""",113 lbs.,--,,14,11,1
Gabriel Benitez,"5' 8""",155 lbs.,"71.0""",Southpaw,23,13,0
Charles Bennett,"5' 8""",155 lbs.,--,Orthodox,30,33,2
Josh Bennett,"6' 4""",259 lbs.,--,Orthodox,11,14,0
DeAnna Bennett,"5' 4""",125 lbs.,"68.0""",Orthodox,8,3,1
Benjamin Bennett,"6' 0""",170 lbs.,"73.0""",Switch,7,1,0
Lance Benoist,"5' 11""",170 lbs.,"72.0""",Southpaw,7,2,0
Joe Benoit,"5' 9""",170 lbs.,--,Orthodox,11,4,0
Ryan Benoit,"5' 5""",125 lbs.,"68.0""",Orthodox,10,8,0
Pat Benson,"5' 9""",155 lbs.,--,,3,5,3
Len Bentley,"5' 9""",155 lbs.,--,,10,6,0
Steve Berger,"5' 11""",170 lbs.,--,Orthodox,21,23,2
Kenneth Bergh,"6' 2""",205 lbs.,"74.0""",Orthodox,8,0,0
Bret Bergmark,"5' 9""",170 lbs.,--,,6,1,1
Keith Berish,"6' 0""",205 lbs.,--,Orthodox,5,1,0
Dennis Bermudez,"5' 6""",155 lbs.,"66.0""",Orthodox,17,9,0
Manny Bermudez,"5' 10""",145 lbs.,"71.0""",Orthodox,14,2,0
Talita Bernardo,"5' 4""",135 lbs.,"68.0""",Orthodox,6,4,0
Dave Berry,--,--,--,,0,1,0
Keith Berry,"6' 1""",185 lbs.,--,,15,14,1
Dieusel Berto,"5' 9""",200 lbs.,--,,0,3,0
Edson Berto,"5' 6""",155 lbs.,--,Orthodox,17,12,1
Allen Berube,"5' 8""",155 lbs.,--,Orthodox,4,3,0
Anton Berzin,"6' 2""",205 lbs.,--,Orthodox,5,1,0
Scott Bessac,"6' 4""",245 lbs.,--,,4,6,0
Matt Bessette,"5' 10""",145 lbs.,"70.0""",Orthodox,22,9,0
Khadzhi Bestaev,"6' 6""",185 lbs.,"76.0""",,10,4,0
Fernando Bettega,--,170 lbs.,--,,7,5,0
Arjan Bhullar,"6' 1""",245 lbs.,"75.0""",Orthodox,9,1,0
KB Bhullar,"6' 4""",185 lbs.,"78.0""",Switch,8,2,0
Bibulatov Magomed,"5' 5""",125 lbs.,"65.0""",Orthodox,14,2,0
David Bielkheden,"5' 10""",155 lbs.,"71.0""",Orthodox,24,12,0
Blake Bilder,"5' 8""",145 lbs.,"68.0""",Switch,8,2,1
Jonas Bilharinho,"5' 11""",145 lbs.,"75.0""",Switch,9,1,1
Jeremiah Billington,"5' 9""",205 lbs.,--,Orthodox,11,2,0
Scott Bills,"5' 10""",170 lbs.,--,,7,9,1
Anthony Birchak,"5' 8""",135 lbs.,"69.0""",Orthodox,16,8,0
Chris Birchler,"6' 3""",205 lbs.,--,Switch,7,4,0
Angad Bisht,"5' 7""",125 lbs.,"67.0""",Orthodox,10,3,0
Michael Bisping,"6' 1""",185 lbs.,"75.0""",Orthodox,30,9,0
Amaury Bitetti,"5' 9""",185 lbs.,--,Orthodox,5,2,0
Caio Bittencourt,"6' 0""",185 lbs.,"75.0""",Orthodox,14,7,0
Davi Bittencourt,"5' 5""",135 lbs.,"65.0""",Orthodox,14,4,0
Simon Biyong,--,205 lbs.,--,,7,1,0
Jan Blachowicz,"6' 2""",205 lbs.,"78.0""",Orthodox,29,11,1
Jason Black,"5' 8""",155 lbs.,--,Orthodox,23,4,1
Brad Blackburn,"5' 10""",170 lbs.,"73.0""",Orthodox,18,13,1
Jason Blackford,--,--,--,,3,3,0
Tom Blackledge,--,205 lbs.,--,Orthodox,10,7,0
Sherrard Blackledge,"5' 11""",155 lbs.,"75.0""",Orthodox,5,1,0
Da'Mon Blackshear,"5' 10""",135 lbs.,"72.0""",Switch,16,7,1
Chasen Blair,"5' 10""",155 lbs.,"71.0""",Orthodox,6,3,0
Erin Blanchfield,"5' 4""",125 lbs.,"66.0""",Orthodox,13,2,0
Maximo Blanco,"5' 8""",145 lbs.,"71.0""",Orthodox,12,8,1
David Blanco,"5' 7""",145 lbs.,--,,2,0,0
Curtis Blaydes,"6' 4""",265 lbs.,"80.0""",Orthodox,18,5,0
Tereza Bleda,"5' 9""",125 lbs.,"71.0""",Orthodox,7,1,0
Arlene Blencowe,"5' 5""",145 lbs.,--,,9,6,0
Byron Bloodworth,"5' 8""",135 lbs.,--,Orthodox,6,3,0
Dashawn Boatwright,"6' 0""",205 lbs.,--,Orthodox,3,1,0
Dan Bobish,"6' 2""",345 lbs.,--,Southpaw,17,9,0
Mark Bocek,"5' 8""",155 lbs.,"75.0""",Orthodox,12,5,0
Kyle Bochniak,"5' 7""",145 lbs.,"70.0""",Orthodox,8,5,0
James Bochnovic,"6' 4""",205 lbs.,"81.0""",Orthodox,8,3,0
Jeremy Boczulak,--,--,--,,0,2,0
Tim Boetsch,"6' 0""",185 lbs.,"74.0""",Orthodox,21,13,0
Galore Bofando,"5' 11""",170 lbs.,"72.0""",Switch,5,3,0
Jay Bogan,--,145 lbs.,--,,6,6,0
Roman Bogatov,"5' 8""",155 lbs.,"73.0""",Orthodox,10,1,0
Derek Bohi,"6' 4""",260 lbs.,--,,8,5,0
Jerry Bohlander,"5' 11""",199 lbs.,--,Orthodox,11,4,0
Mandy Bohm,"5' 7""",125 lbs.,"71.0""",Orthodox,8,2,0
Kotetsu Boku,"5' 9""",154 lbs.,--,Orthodox,25,11,2
Gaston Bolanos,"5' 7""",135 lbs.,"69.0""",Orthodox,8,4,0
Kyle Bolt,"6' 2""",185 lbs.,--,,8,4,0
Denys Bondar,"5' 6""",125 lbs.,"69.0""",Orthodox,14,5,0
Luc Bondole,"6' 2""",205 lbs.,--,,5,2,2
Tony Bonello,"6' 2""",185 lbs.,--,,16,3,1
Gabriel Bonfim,"6' 1""",170 lbs.,"72.0""",Orthodox,17,1,0
Ismael Bonfim,"5' 8""",155 lbs.,"71.0""",Orthodox,20,5,0
Jesse Bongfeldt,"6' 0""",185 lbs.,--,Orthodox,16,5,1
Marcos Bonilla,"5' 10""",145 lbs.,--,,4,4,0
Stephan Bonnar,"6' 4""",205 lbs.,"79.0""",Orthodox,15,9,0
Rogerio Bontorin,"5' 5""",125 lbs.,"67.0""",Orthodox,16,4,0
Ray Borg,"5' 4""",135 lbs.,"63.0""",Orthodox,13,5,0
Igor Borisov,"6' 0""",235 lbs.,--,Orthodox,1,1,0
Kevin Borjas,"5' 5""",125 lbs.,"68.0""",Orthodox,10,3,0
Calen Born,"5' 8""",170 lbs.,"72.0""",Switch,7,1,0
Caio Borralho,"6' 1""",185 lbs.,"75.0""",Southpaw,17,1,0
Zachary Borrego,"6' 2""",185 lbs.,"78.0""",Switch,3,1,0
Viacheslav Borshchev,"5' 11""",155 lbs.,"69.0""",Orthodox,8,5,1
Tanner Boser,"6' 2""",205 lbs.,"75.0""",Orthodox,21,10,1
Steve Bosse,"5' 11""",205 lbs.,"72.0""",Orthodox,12,2,0
Marcus Bossett,"6' 1""",215 lbs.,--,Orthodox,1,3,0
Chris Bostick,--,--,--,,6,3,0
Poliana Botelho,"5' 8""",125 lbs.,"67.0""",Orthodox,8,5,0
Francois Botha,"6' 2""",260 lbs.,--,Orthodox,0,1,0
Gregory Bouchelaghem,"6' 2""",183 lbs.,--,Switch,5,4,0
Roy Boughton,"6' 0""",205 lbs.,--,,14,8,0
Rich Bouphanouvong,"5' 7""",170 lbs.,--,,1,4,0
Mike Bourke,"6' 0""",275 lbs.,--,Orthodox,10,16,1
Jess Bouscal,--,155 lbs.,--,,3,2,0
Tai Bowden,"5' 11""",230 lbs.,--,,1,1,0
Melton Bowen,"6' 0""",225 lbs.,--,Orthodox,0,1,0
Kyron Bowen,"6' 3""",185 lbs.,"73.0""",Orthodox,9,5,0
Brian Bowles,"5' 7""",135 lbs.,"70.0""",Orthodox,10,3,0
Roger Bowling,"5' 9""",155 lbs.,"68.0""",Orthodox,12,6,0
Blake Bowman,"6' 2""",170 lbs.,--,,2,6,0
Ashe Bowman,"5' 9""",155 lbs.,--,,9,11,0
Anvar Boynazarov,"5' 9""",145 lbs.,--,Orthodox,3,1,0
Colley Bradford,"5' 7""",145 lbs.,--,,0,1,0
Kyle Bradley,"5' 9""",155 lbs.,"71.0""",Orthodox,19,12,0
Paul Bradley,"5' 9""",170 lbs.,--,Orthodox,23,8,0
Sean Brady,"5' 10""",170 lbs.,"72.0""",Orthodox,18,1,0
Ebenezer Fontes Braga,"6' 0""",199 lbs.,--,Orthodox,13,7,2
Ramiz Brahimaj,"5' 10""",170 lbs.,"72.0""",Orthodox,11,5,0
Adam Bramhald,"5' 10""",135 lbs.,"70.0""",Orthodox,13,3,0
Joe Brammer,"5' 8""",155 lbs.,--,Orthodox,7,3,1
David Branch,"6' 1""",185 lbs.,"78.0""",Orthodox,22,6,0
Billy Brand,"5' 6""",135 lbs.,"65.0""",Orthodox,5,2,0
Diego Brandao,"5' 7""",145 lbs.,"64.0""",Orthodox,22,11,0
Bruna Brasil,"5' 6""",125 lbs.,"65.0""",Orthodox,10,5,1
Michael Bravo,--,155 lbs.,--,,7,4,0
Martin Bravo,"5' 8""",145 lbs.,"71.0""",Southpaw,11,3,0
Roman Bravo-Young,--,205 lbs.,--,,0,1,0
Mike Breeden,"5' 10""",155 lbs.,"70.0""",Orthodox,11,6,0
Tom Breese,"6' 3""",185 lbs.,"73.0""",Southpaw,12,3,0
Elves Brener,"5' 10""",155 lbs.,"72.0""",Orthodox,16,5,0
Chris Brennan,"5' 8""",170 lbs.,--,Orthodox,21,13,1
Charlie Brenneman,"5' 10""",155 lbs.,"70.0""",Orthodox,19,8,0
Robert Breslin,"5' 11""",155 lbs.,--,,3,9,0
Mack Brewer,--,205 lbs.,--,,0,1,0
Marcos Brigagao,"6' 3""",205 lbs.,"76.0""",Southpaw,11,1,0
Jason Brilz,"5' 11""",205 lbs.,"71.0""",Orthodox,22,6,1
Marcus Brimage,"5' 4""",135 lbs.,"71.0""",Southpaw,7,7,0
Aaron Brink,"6' 3""",205 lbs.,--,Orthodox,26,26,0
Henry Briones,"5' 8""",135 lbs.,"69.0""",Orthodox,16,8,1
Marcelo Brito,"6' 1""",170 lbs.,--,Orthodox,13,8,0
Joanderson Brito,"5' 8""",145 lbs.,"72.0""",Orthodox,17,4,1
Kaik Brito,"5' 11""",170 lbs.,"72.0""",Orthodox,16,5,0
Icaro Brito,--,145 lbs.,--,,7,1,0
Antwain Britt,"6' 1""",205 lbs.,"77.0""",,11,6,0
Drew Brokenshire,--,--,--,,16,6,0
Mike Bronzoulis,"6' 0""",155 lbs.,--,,18,9,1
Jonathan Brookins,"6' 0""",145 lbs.,"74.0""",Southpaw,16,10,0
Will Brooks,"5' 10""",155 lbs.,"72.0""",Orthodox,18,4,0
Jarred Brooks,"5' 3""",125 lbs.,"62.0""",Switch,13,2,0
Rob Broughton,"6' 2""",265 lbs.,"74.0""",Orthodox,16,7,1
Lee Brousseau,"6' 1""",205 lbs.,--,,5,3,0
Matt Brown,"6' 0""",170 lbs.,"75.0""",Orthodox,26,19,0
Mike Brown,"5' 6""",145 lbs.,"70.0""",Orthodox,26,9,0
Dominic Brown,"5' 11""",190 lbs.,--,,16,23,0
Todd Brown,"5' 11""",205 lbs.,--,Orthodox,16,4,0
Terrell Brown,--,185 lbs.,--,,3,1,0
Chris Brown,--,170 lbs.,--,,10,1,0
Frederick Brown,"6' 0""",235 lbs.,--,,3,2,0
Randy Brown,"6' 3""",170 lbs.,"78.0""",Orthodox,19,6,0
Damien Brown,"5' 10""",155 lbs.,"68.0""",Orthodox,17,12,0
TJ Brown,"5' 9""",145 lbs.,"72.0""",Switch,17,11,0
Humberto Brown Morrison,"5' 10""",145 lbs.,--,,4,6,0
Travis Browne,"6' 6""",255 lbs.,"79.0""",Orthodox,18,7,1
Junie Browning,"5' 9""",155 lbs.,--,Orthodox,5,6,0
Jules Bruchez,"6' 0""",205 lbs.,--,Southpaw,1,2,0
Justin Bruckmann,"5' 9""",170 lbs.,--,Orthodox,7,3,0
Cody Brundage,"6' 0""",185 lbs.,"72.0""",Orthodox,11,6,0
Steve Bruno,"5' 10""",170 lbs.,--,Orthodox,15,6,0
Fernando Bruno,"5' 6""",145 lbs.,--,,15,4,0
Derek Brunson,"6' 1""",185 lbs.,"77.0""",Southpaw,23,9,0
Josh Bryant,"5' 10""",185 lbs.,--,Orthodox,15,4,0
Dennis Bryant,"6' 0""",205 lbs.,--,Orthodox,5,2,0
Robert Bryczek,"6' 0""",185 lbs.,"75.0""",Orthodox,17,6,0
Lukasz Brzeski,"6' 4""",236 lbs.,"78.0""",Orthodox,9,6,1
Justin Buchholz,"6' 0""",155 lbs.,"73.0""",Orthodox,15,10,0
Zak Bucia,"5' 10""",170 lbs.,--,,17,8,0
Courtney Buck,"5' 10""",135 lbs.,--,Orthodox,12,11,0
Joaquin Buckley,"5' 10""",170 lbs.,"76.0""",Southpaw,21,6,0
Martin Buday,"6' 4""",265 lbs.,"77.0""",Orthodox,14,2,0
Julia Budd,"5' 7""",145 lbs.,"67.0""",,10,2,0
Dylan Budka,"6' 0""",185 lbs.,"75.0""",Switch,7,5,0
Mike Budnik,"5' 9""",145 lbs.,"68.0""",Orthodox,13,4,0
Francisco Bueno,"5' 9""",225 lbs.,--,Orthodox,5,2,0
Mayra Bueno Silva,"5' 6""",125 lbs.,"66.0""",Orthodox,10,5,1
Paul Buentello,"6' 2""",245 lbs.,"77.0""",Orthodox,35,17,0
Modestas Bukauskas,"6' 3""",205 lbs.,"78.0""",Switch,17,6,0
Lee Kwan Bum,"6' 2""",286 lbs.,--,Orthodox,0,1,0
Josh Bumgarner,"6' 1""",170 lbs.,--,,6,4,0
Shawn Bunch,"5' 5""",135 lbs.,--,,7,3,0
Felipe Bunes,"5' 7""",125 lbs.,"69.0""",Orthodox,14,7,0
Shane Burgos,"5' 11""",145 lbs.,"75.0""",Orthodox,15,3,0
Joshua Burkman,"5' 10""",170 lbs.,"72.0""",Orthodox,28,16,0
Justin Burlinson,"6' 1""",170 lbs.,"74.0""",Switch,6,1,0
Mads Burnell,"5' 8""",145 lbs.,"69.0""",Orthodox,9,3,0
Mikey Burnett,"5' 6""",170 lbs.,--,Orthodox,5,2,0
Kevin Burns,"5' 10""",170 lbs.,"74.0""",Orthodox,12,7,0
Gilbert Burns,"5' 10""",170 lbs.,"71.0""",Orthodox,22,8,0
Josh Burns,"6' 1""",244 lbs.,--,,8,10,0
Herbert Burns,"5' 9""",145 lbs.,"73.0""",Orthodox,11,6,0
Derrick Burnsed,--,155 lbs.,--,,1,0,3
Nah-Shon Burrell,"5' 11""",170 lbs.,--,Orthodox,15,7,0
Martin Buschkamp,"5' 9""",145 lbs.,--,Orthodox,9,0,0
George Bush,"6' 1""",205 lbs.,--,,5,2,0
Bubba Bush,"6' 0""",185 lbs.,--,Orthodox,8,3,0
Dakota Bush,"5' 10""",155 lbs.,"73.0""",Orthodox,8,4,0
Murilo Bustamante,"6' 2""",183 lbs.,--,Orthodox,15,8,1
Nick Bustamante,"5' 9""",170 lbs.,--,,5,3,0
Eduardo Bustillos,"5' 8""",135 lbs.,--,,5,3,0
Jason Butcher,"6' 3""",185 lbs.,--,,10,2,0
Todd Butler,"6' 1""",200 lbs.,--,Southpaw,1,4,0
Goldman Butler,--,--,--,,1,4,0
Ian Butler,"5' 8""",155 lbs.,--,,3,3,0
Raphael Butler,"6' 3""",261 lbs.,--,,9,2,1
Jesse Butler,"5' 10""",135 lbs.,"73.0""",Orthodox,12,6,0
JP Buys,"5' 5""",135 lbs.,"67.0""",Orthodox,9,6,0
Dennis Buzukja,"5' 9""",145 lbs.,"70.0""",Switch,12,5,0
Charles Byrd,"5' 10""",185 lbs.,"73.0""",Orthodox,10,7,0
Steve Byrnes,"6' 0""",170 lbs.,--,Orthodox,6,1,0
Michael Byrnes,"5' 11""",155 lbs.,--,,5,3,0
Yan Cabral,"5' 11""",155 lbs.,"73.0""",Orthodox,13,3,0
Alvin Cacdac,"5' 6""",125 lbs.,--,Orthodox,18,13,0
Alex Caceres,"5' 10""",145 lbs.,"73.0""",Southpaw,21,15,0
Vince Cachero,"5' 6""",145 lbs.,"68.0""",Orthodox,7,4,0
Priscila Cachoeira,"5' 7""",135 lbs.,"65.0""",Orthodox,13,6,0
Travis Calanoc,"5' 8""",145 lbs.,--,Orthodox,5,1,0
Ricky Calatayud,"5' 9""",125 lbs.,--,,16,2,0
Carlos Calderon,"5' 11""",145 lbs.,"71.0""",Southpaw,6,3,0
Darrion Caldwell,"5' 10""",135 lbs.,--,,10,1,0
Nicolle Caliari,"5' 3""",125 lbs.,"62.0""",Orthodox,8,3,0
Taylor Callens,"5' 10""",155 lbs.,--,,6,0,0
Cynthia Calvillo,"5' 4""",115 lbs.,"64.0""",Orthodox,9,6,1
Joe Camacho,"5' 9""",155 lbs.,--,Orthodox,13,19,3
Frank Camacho,"5' 10""",155 lbs.,"73.0""",Orthodox,22,10,0
Lucas Camacho,"6' 4""",265 lbs.,"80.0""",Orthodox,6,1,0
Matheus Camilo,--,155 lbs.,--,,9,2,0
Fabricio Camoes,"5' 10""",155 lbs.,"71.0""",Orthodox,14,9,1
Chris Camozzi,"6' 2""",185 lbs.,"75.0""",Orthodox,24,13,0
Brian Camozzi,"6' 2""",170 lbs.,"78.0""",Orthodox,7,5,0
Ricky Camp,"5' 7""",135 lbs.,--,,11,4,0
Mike Campbell,"5' 9""",155 lbs.,--,Southpaw,13,4,0
Thomas Campbell,--,--,--,,3,3,0
Shane Campbell,"6' 0""",155 lbs.,"71.0""",Orthodox,14,6,0
Charlie Campbell,"6' 0""",155 lbs.,"72.0""",Orthodox,9,2,0
John Campetella,"5' 9""",235 lbs.,--,Orthodox,0,1,0
Wagner Campos,"5' 6""",145 lbs.,--,Southpaw,12,10,0
Derek Campos,"5' 9""",155 lbs.,--,,19,6,0
Will Campuzano,"5' 9""",125 lbs.,"70.0""",Orthodox,14,6,0
Aleksa Camur,"6' 1""",205 lbs.,"74.0""",Orthodox,6,3,0
Chico Camus,"5' 6""",125 lbs.,"66.0""",Orthodox,17,7,0
Asbel Cancio,"5' 10""",225 lbs.,--,,0,1,0
Carlos Candelario,"5' 8""",125 lbs.,"68.0""",Southpaw,8,3,0
Ronaldo Candido,"5' 6""",125 lbs.,--,Southpaw,6,0,0
Luiz Cane,"6' 2""",185 lbs.,"77.0""",Southpaw,17,7,0
Guido Cannetti,"5' 6""",135 lbs.,"68.0""",Southpaw,10,8,0
Jared Cannonier,"5' 11""",185 lbs.,"77.0""",Switch,18,8,0
Jose Canseco,"6' 4""",240 lbs.,--,Orthodox,0,1,0
Cody Canterbury,"5' 8""",155 lbs.,--,,1,10,0
Bo Cantrell,"6' 2""",235 lbs.,--,Orthodox,10,10,0
Steve Cantwell,"6' 2""",185 lbs.,"75.0""",Orthodox,7,6,0
Paul Capaldo,"5' 7""",135 lbs.,--,,6,0,0
Phil Caracappa,"5' 8""",135 lbs.,"70.0""",Orthodox,6,1,0
Frank Caracci,--,--,--,,2,3,0
Gina Carano,"5' 8""",145 lbs.,--,Orthodox,7,1,0
Dos Caras Jr.,"6' 4""",225 lbs.,--,Orthodox,9,5,0
Bryan Caraway,"5' 8""",135 lbs.,"68.0""",Orthodox,21,9,0
Remo Cardarelli,--,135 lbs.,--,,7,5,0
Phil Cardella,"5' 11""",155 lbs.,--,,8,5,0
Edgar Cardenas,--,145 lbs.,--,,4,1,0
Chris Cariaso,"5' 3""",125 lbs.,"64.0""",Southpaw,17,8,0
Ronald Carillo,--,125 lbs.,--,,4,2,0
Rafael Carino,"6' 8""",245 lbs.,--,Orthodox,2,1,1
Don Carlo-Clauss,--,170 lbs.,--,,10,7,0
Antonio Carlos Junior,"6' 2""",185 lbs.,"79.0""",Orthodox,11,5,0
Spike Carlyle,"5' 8""",145 lbs.,"71.0""",Switch,9,3,0
Francis Carmont,"6' 3""",205 lbs.,"78.0""",Orthodox,25,12,0
Liz Carmouche,"5' 6""",125 lbs.,"66.0""",Orthodox,13,7,0
Roan Carneiro,"5' 11""",170 lbs.,"76.0""",Orthodox,21,11,0
Ariane Carnelossi,"5' 2""",115 lbs.,"61.0""",Orthodox,15,3,0
Luana Carolina,"5' 6""",125 lbs.,"69.0""",Orthodox,11,4,0
Tim Caron,"6' 1""",185 lbs.,--,Orthodox,7,1,0
Clayton Carpenter,"5' 6""",125 lbs.,"66.0""",Orthodox,8,1,0
Gabriel Carrasco,"5' 6""",135 lbs.,--,,7,0,0
Cody Carrillo,"5' 10""",155 lbs.,--,,11,16,0
Cain Carrizosa,"5' 8""",155 lbs.,--,Orthodox,10,3,0
Roger Carroll,"5' 10""",170 lbs.,--,,16,14,0
Jonny Carson,"5' 10""",155 lbs.,--,,11,7,0
Scott Carson,"6' 2""",215 lbs.,--,,4,2,0
Shonie Carter,"5' 10""",170 lbs.,--,Southpaw,51,31,7
Jack Cartwright,"5' 9""",135 lbs.,"68.0""",Orthodox,10,1,0
Bruno Carvalho,"5' 8""",154 lbs.,--,,10,5,0
Antonio Carvalho,"5' 9""",145 lbs.,"70.0""",Orthodox,15,6,0
Rafael Carvalho,"6' 3""",185 lbs.,--,,14,1,0
Shane Carwin,"6' 2""",265 lbs.,"80.0""",Orthodox,12,2,0
Johnny Case,"5' 10""",155 lbs.,"72.0""",Orthodox,22,6,0
Kevin Casey,"5' 11""",185 lbs.,"77.0""",Southpaw,9,5,2
Cortney Casey,"5' 7""",125 lbs.,"67.0""",Orthodox,10,10,0
Brandon Cash,"6' 5""",255 lbs.,--,Orthodox,10,4,0
Bendy Casimir,"5' 5""",145 lbs.,--,Southpaw,20,14,2
Dwayne Cason,"5' 10""",212 lbs.,--,Orthodox,1,1,0
Joe Cason,"6' 3""",205 lbs.,--,,9,1,0
John Castaneda,"5' 6""",135 lbs.,"71.0""",Switch,21,7,0
Eric Castile,"5' 8""",145 lbs.,--,,3,2,0
Gil Castillo,"5' 9""",170 lbs.,--,Southpaw,8,5,0
Danny Castillo,"5' 9""",155 lbs.,"71.0""",Orthodox,17,10,0
Raul Castillo,"5' 11""",185 lbs.,--,Orthodox,7,1,0
Jenna Castillo,"5' 2""",125 lbs.,--,,1,0,0
Tim Catalfo,"5' 11""",235 lbs.,--,Orthodox,4,2,0
Nick Catone,"6' 0""",185 lbs.,"72.0""",Southpaw,10,4,0
Luke Caudillo,"5' 7""",155 lbs.,--,Orthodox,17,17,0
Gesias Cavalcante,"5' 8""",155 lbs.,"71.0""",Orthodox,21,10,1
Rafael Cavalcante,"6' 1""",205 lbs.,"74.0""",Orthodox,12,7,0
Jacqueline Cavalcanti,"5' 8""",135 lbs.,"70.0""",Orthodox,9,1,0
Igor Cavalcanti,"5' 11""",170 lbs.,"79.0""",Orthodox,9,1,0
Magnus Cedenblad,"6' 5""",185 lbs.,"79.0""",Orthodox,14,5,0
Yosdenis Cedeno,"5' 8""",155 lbs.,"69.0""",Orthodox,10,6,1
Henry Cejudo,"5' 4""",135 lbs.,"64.0""",Orthodox,16,5,0
Adam Cella,"6' 2""",170 lbs.,--,,6,8,0
Vinicius Cenci,"6' 1""",155 lbs.,"74.0""",Orthodox,7,2,0
Katlyn Cerminara,"5' 9""",125 lbs.,"68.0""",Orthodox,18,6,0
Rafael Cerqueira,"6' 3""",205 lbs.,"76.0""",Southpaw,11,2,0
Donald Cerrone,"6' 1""",155 lbs.,"73.0""",Orthodox,36,17,0
Jared Chaffee,"5' 10""",155 lbs.,--,,5,2,0
Luan Chagas,"6' 0""",170 lbs.,"75.0""",Orthodox,15,3,1
Edgar Chairez,"5' 7""",125 lbs.,"71.0""",Orthodox,12,6,0
Ansar Chalangov,"5' 9""",170 lbs.,--,Orthodox,14,5,0
Alex Chambers,"5' 3""",115 lbs.,"63.0""",Southpaw,5,5,0
Michael Chandler,"5' 8""",155 lbs.,"71.0""",Orthodox,23,9,0
Chelsea Chandler,"5' 8""",135 lbs.,"68.0""",Southpaw,6,3,0
Donnie Chappell,"5' 11""",178 lbs.,--,Southpaw,0,1,0
Joe Charles,"6' 1""",260 lbs.,--,Southpaw,6,13,0
Dan Charles,"6' 2""",228 lbs.,--,,10,6,1
Morgan Charriere,"5' 8""",145 lbs.,"69.0""",Orthodox,20,11,1
Ernest Chavez,"5' 8""",145 lbs.,"70.0""",Orthodox,10,2,0
Emilio Chavez,"5' 9""",145 lbs.,--,,12,9,0
Danny Chavez,"5' 8""",145 lbs.,"67.0""",Orthodox,11,5,1
Gabriel Checco,"6' 1""",185 lbs.,--,Switch,10,2,0
Albert Cheng,"5' 11""",170 lbs.,--,Orthodox,7,4,0
Fabio Cherant,"6' 1""",205 lbs.,"74.0""",Southpaw,7,4,0
Ion Cherdivara,--,205 lbs.,--,,1,1,0
Mark Cherico,"5' 7""",145 lbs.,"69.0""",Orthodox,11,1,0
Macy Chiasson,"5' 11""",135 lbs.,"72.0""",Orthodox,11,3,0
Michael Chiesa,"6' 1""",170 lbs.,"75.0""",Southpaw,20,7,0
Giga Chikadze,"6' 0""",145 lbs.,"74.0""",Orthodox,15,4,0
Khamzat Chimaev,"6' 2""",185 lbs.,"75.0""",Orthodox,14,0,0
Sako Chivitchian,"5' 11""",155 lbs.,--,Orthodox,8,1,0
Mu Bae Choi,"6' 2""",230 lbs.,--,Orthodox,12,6,0
Hong Man Choi,"7' 2""",330 lbs.,--,Orthodox,4,5,0
Dooho Choi,"5' 10""",145 lbs.,"70.0""",Orthodox,16,4,1
SeungWoo Choi,"6' 0""",145 lbs.,"74.0""",Orthodox,11,8,0
SeungGuk Choi,"5' 6""",125 lbs.,"64.0""",Orthodox,7,3,0
DongHun Choi,"5' 5""",125 lbs.,"66.0""",Switch,9,0,0
John Cholish,"5' 11""",155 lbs.,"74.0""",Orthodox,8,3,0
Ryo Chonan,"5' 9""",170 lbs.,"70.0""",Orthodox,22,13,0
Will Chope,"6' 4""",145 lbs.,--,Switch,34,13,0
Joachim Christensen,"6' 3""",205 lbs.,"76.0""",Orthodox,14,6,0
Kevin Christian,"6' 7""",205 lbs.,"80.0""",Orthodox,9,2,0
Dan Christison,"6' 8""",265 lbs.,--,Orthodox,20,7,0
Anthony Christodoulou,"5' 9""",155 lbs.,--,Orthodox,12,7,0
Murad Chunkaiev,"5' 11""",185 lbs.,--,Orthodox,8,4,0
Cameron Church,"5' 11""",155 lbs.,"72.0""",Orthodox,4,1,0
Steven Ciaccio,"6' 0""",170 lbs.,--,,4,4,0
Mike Ciesnolevicz,"6' 0""",235 lbs.,--,Orthodox,19,4,0
Hannah Cifers,"5' 1""",115 lbs.,"62.0""",Orthodox,10,7,0
Branko Cikatic,"6' 1""",215 lbs.,--,Orthodox,0,2,0
Nikolajus Cilkinas,--,--,--,Orthodox,2,6,0
Misha Cirkunov,"6' 3""",205 lbs.,"77.0""",Orthodox,15,9,0
Johnny Cisneros,"5' 11""",170 lbs.,--,,9,6,0
Laverne Clark,"5' 11""",170 lbs.,--,Orthodox,27,21,1
Logan Clark,"6' 2""",185 lbs.,--,Orthodox,18,6,0
Mychal Clark,"6' 3""",224 lbs.,--,Orthodox,10,14,0
Dominic Clark,"5' 10""",155 lbs.,--,,10,7,0
Heather Clark,"5' 6""",115 lbs.,"64.0""",Orthodox,7,6,0
Devin Clark,"6' 0""",205 lbs.,"75.0""",Orthodox,14,9,0
Jessica-Rose Clark,"5' 5""",135 lbs.,"64.0""",Orthodox,11,9,0
Shannon Clark,"5' 5""",125 lbs.,"64.0""",Orthodox,5,1,0
John Clarke,--,170 lbs.,--,,1,1,0
Mitch Clarke,"5' 10""",155 lbs.,"73.0""",Orthodox,11,5,0
Rich Clementi,"5' 9""",155 lbs.,"72.0""",Southpaw,45,23,1
Chris Clements,"5' 10""",170 lbs.,"70.0""",Orthodox,12,6,0
RJ Clifford,--,160 lbs.,--,,4,3,0
Mark Climaco,"5' 4""",125 lbs.,"65.0""",Southpaw,9,2,0
Josh Clopton,"5' 6""",145 lbs.,--,Orthodox,6,2,1
Brian Cobb,"5' 11""",155 lbs.,--,Orthodox,20,9,0
Darryl Cobb,"5' 9""",185 lbs.,--,,6,8,0
Dave Cochran,"5' 6""",155 lbs.,--,,26,29,1
Dakota Cochrane,"5' 8""",155 lbs.,--,,29,12,0
Marloes Coenen,"5' 9""",145 lbs.,"67.0""",,23,8,0
Marc Cofer,--,185 lbs.,--,,7,5,0
John Cofer,"5' 9""",155 lbs.,--,Southpaw,8,4,0
Chris Coggins,--,--,--,,7,10,0
Felipe Colares,"5' 8""",145 lbs.,"69.0""",Orthodox,10,4,0
Wayne Cole,"6' 1""",205 lbs.,--,Orthodox,16,25,0
Devin Cole,"6' 4""",240 lbs.,--,Orthodox,20,10,1
Coltin Cole,--,185 lbs.,--,,4,5,0
Ivan Cole,"5' 9""",135 lbs.,--,,2,3,0
Chandler Cole,"5' 10""",264 lbs.,"72.0""",Orthodox,10,4,0
Mark Coleman,"6' 1""",205 lbs.,"75.0""",Orthodox,16,10,0
Cortez Coleman,"6' 1""",185 lbs.,--,,13,8,0
Clay Collard,"5' 11""",145 lbs.,"73.0""",Orthodox,14,7,0
Jamie Colleen,"5' 3""",115 lbs.,"65.0""",Orthodox,4,1,0
Jake Collier,"6' 3""",230 lbs.,"78.0""",Orthodox,13,10,0
Christian Colombo,"6' 5""",265 lbs.,--,Orthodox,8,3,1
Willian Colorado,"5' 10""",135 lbs.,"72.0""",,11,1,0
Wes Combs,"6' 2""",205 lbs.,--,Orthodox,20,6,0
Rose Conceicao,"4' 7""",115 lbs.,"65.0""",Orthodox,7,1,0
Carlos Condit,"6' 2""",170 lbs.,"75.0""",Orthodox,32,14,0
Chris Condo,"6' 0""",335 lbs.,--,Orthodox,0,1,0
Tristan Connelly,"5' 10""",145 lbs.,"68.0""",Orthodox,14,8,0
Marcos Conrado Jr.,"6' 2""",220 lbs.,--,Orthodox,5,1,0
Jeremiah Constant,"6' 1""",240 lbs.,--,Orthodox,11,8,0
Jonathan Contrestano,--,155 lbs.,--,,6,0,0
Bob Cook,"5' 9""",170 lbs.,--,Orthodox,5,0,0
Mike Cook,"6' 1""",205 lbs.,--,Orthodox,13,13,0
Chad Cook,"6' 2""",205 lbs.,--,,10,12,0
TJ Cook,--,205 lbs.,--,,13,5,0
Dewey Cooper,--,205 lbs.,--,,2,1,0
Brett Cooper,"6' 0""",170 lbs.,--,Orthodox,23,12,0
Bill Cooper,--,155 lbs.,--,,2,1,0
Bobby Cooper,"6' 1""",155 lbs.,--,,12,7,0
Amanda Cooper,"5' 3""",115 lbs.,"64.0""",Switch,3,5,0
Kit Cope,"6' 0""",170 lbs.,--,Orthodox,6,7,0
Chris Cope,"6' 0""",170 lbs.,"72.0""",Orthodox,8,4,0
Josh Copeland,"6' 1""",265 lbs.,--,Orthodox,12,4,0
Michael Cora,"6' 1""",170 lbs.,"77.0""",Southpaw,4,1,0
Akira Corassani,"5' 8""",145 lbs.,"68.0""",Orthodox,12,6,0
Muhsin Corbbrey,"5' 10""",155 lbs.,--,Orthodox,17,9,0
Daniel Cormier,"5' 11""",235 lbs.,"72.0""",Orthodox,22,3,0
Nora Cornolle,"5' 7""",135 lbs.,"67.0""",Orthodox,8,2,0
Clint Coronel,--,155 lbs.,--,,2,5,0
Henry Corrales,"5' 9""",145 lbs.,--,,13,3,0
Bethe Correia,"5' 5""",135 lbs.,"64.0""",Orthodox,11,6,1
Wesley Correira,"6' 3""",260 lbs.,--,Orthodox,20,16,0
Waldo Cortes-Acosta,"6' 4""",260 lbs.,"78.0""",Orthodox,13,1,0
Tracy Cortez,"5' 5""",125 lbs.,"65.0""",Orthodox,11,2,0
Reyes Cortez Jr.,"5' 7""",135 lbs.,"68.0""",Orthodox,7,3,0
Chad Corvin,"6' 5""",255 lbs.,--,,5,0,0
Louis Cosce,"5' 9""",170 lbs.,"71.0""",Orthodox,7,2,0
Orion Cosce,"5' 11""",170 lbs.,"71.0""",Switch,8,2,0
Miguel Cosio,"6' 4""",205 lbs.,--,,1,13,0
Jadson Costa,"5' 7""",155 lbs.,--,Orthodox,22,8,0
Guilherme Costa,--,155 lbs.,--,,7,1,0
Paulo Costa,"6' 1""",185 lbs.,"72.0""",Orthodox,14,4,0
Randy Costa,"5' 9""",135 lbs.,"73.0""",Switch,6,4,0
Alessandro Costa,"5' 4""",125 lbs.,"67.0""",Orthodox,14,4,0
Melquizael Costa,"5' 10""",145 lbs.,"71.0""",Southpaw,23,7,0
Oscar Cota,"6' 0""",230 lbs.,"72.0""",Orthodox,11,3,0
Patrick Cote,"5' 11""",170 lbs.,"75.0""",Orthodox,23,11,0
JC Cottrell,"5' 9""",155 lbs.,--,Orthodox,17,5,0
JR Coughran,"5' 6""",145 lbs.,--,Orthodox,4,1,0
Rashad Coulter,"5' 11""",205 lbs.,"76.0""",Orthodox,9,4,0
Dave Courchaine,"5' 8""",170 lbs.,--,,20,7,0
Randy Couture,"6' 1""",205 lbs.,"75.0""",Orthodox,19,11,0
Kim Couture,"5' 8""",135 lbs.,--,Orthodox,3,8,0
Ryan Couture,"5' 10""",155 lbs.,"73.0""",Orthodox,11,5,0
Nikk Covert,"5' 8""",185 lbs.,--,,3,4,0
Colby Covington,"5' 11""",170 lbs.,"72.0""",Orthodox,17,5,0
Hailey Cowan,"5' 8""",135 lbs.,"67.0""",Southpaw,7,3,0
Jeff Cox,"5' 10""",155 lbs.,--,Orthodox,10,7,0
Nathan Coy,"5' 10""",170 lbs.,"69.0""",Southpaw,15,7,0
Andrew Craig,"6' 1""",170 lbs.,"76.0""",Orthodox,9,4,0
Paul Craig,"6' 3""",185 lbs.,"76.0""",Orthodox,17,9,1
Dan Cramer,"6' 2""",170 lbs.,--,Orthodox,11,4,0
Alberto Crane,"5' 5""",155 lbs.,--,Orthodox,15,5,0
Tim Credeur,"6' 3""",185 lbs.,"75.0""",Orthodox,12,4,0
Paul Creighton,"5' 6""",155 lbs.,--,Southpaw,3,1,0
Helena Crevar,--,--,--,,0,0,0
Alexander Crispim,--,145 lbs.,--,,8,6,0
Alex Crispin,--,155 lbs.,--,,0,1,0
Kevin Croom,"5' 11""",135 lbs.,"73.0""",Orthodox,21,15,0
Kiefer Crosbie,"5' 11""",170 lbs.,"70.0""",Switch,10,5,0
Ken Cross,"6' 0""",155 lbs.,"72.0""",Southpaw,11,3,0
Jeff Crotty,--,155 lbs.,--,,1,1,0
Allen Crowder,"6' 3""",245 lbs.,"76.0""",Orthodox,10,4,0
Daron Cruickshank,"5' 8""",155 lbs.,"72.0""",Switch,18,10,0
Richard Crunkilton,"5' 7""",155 lbs.,--,Orthodox,19,4,0
Jimmy Crute,"6' 2""",205 lbs.,"74.0""",Orthodox,12,4,2
Marcio Cruz,"6' 4""",232 lbs.,--,Orthodox,8,3,0
Dominick Cruz,"5' 8""",135 lbs.,"68.0""",Orthodox,24,4,0
Aalon Cruz,"6' 0""",145 lbs.,"78.0""",Switch,8,4,0
Timmy Cuamba,"5' 9""",145 lbs.,"71.0""",Orthodox,8,3,0
Jay Cucciniello,"5' 7""",155 lbs.,--,Orthodox,8,1,0
Emilio Cuellar,--,125 lbs.,--,,6,1,0
Josh Culibao,"5' 10""",145 lbs.,"73.0""",Orthodox,11,4,1
Chris Culley,--,145 lbs.,--,,20,15,0
Abel Cullum,"5' 7""",139 lbs.,--,Orthodox,20,6,0
Zak Cummings,"6' 0""",205 lbs.,"75.0""",Southpaw,25,7,0
Everett Cummings,--,205 lbs.,--,,12,0,0
Patrick Cummins,"6' 2""",205 lbs.,"76.0""",Orthodox,10,7,0
Luke Cummo,"6' 0""",170 lbs.,"74.0""",Orthodox,6,6,0
Hugo Cunha,"6' 3""",263 lbs.,"79.0""",Orthodox,8,2,0
Alton Cunningham,"6' 2""",205 lbs.,"77.0""",Orthodox,4,2,0
AJ Cunningham,"5' 10""",135 lbs.,"71.0""",Orthodox,11,5,0
Santo Curatolo,"5' 3""",125 lbs.,"62.0""",Southpaw,6,2,0
Larry Cureton,"6' 2""",240 lbs.,--,Orthodox,0,2,0
Jeff Curran,"5' 6""",135 lbs.,"69.0""",Orthodox,36,18,1
Kailin Curran,"5' 4""",115 lbs.,"65.0""",Orthodox,4,5,0
Pat Curran,"5' 9""",145 lbs.,--,,22,7,0
Will Currie,"6' 3""",185 lbs.,"76.0""",Switch,12,4,0
Chris Curtis,"5' 10""",185 lbs.,"75.0""",Orthodox,31,12,0
Ion Cutelaba,"6' 1""",205 lbs.,"75.0""",Southpaw,19,10,1
Gleidson Cutis,"5' 9""",155 lbs.,--,Orthodox,7,4,0
Sarah D'alelio,"5' 7""",145 lbs.,--,,11,7,0
Marcos da Matta,"5' 4""",145 lbs.,--,,11,3,0
Henrique da Silva,"6' 3""",205 lbs.,"76.0""",Orthodox,14,5,0
Ariane da Silva,"5' 6""",125 lbs.,"67.0""",Orthodox,17,10,0
Alex Da Silva,"5' 8""",155 lbs.,"73.0""",Orthodox,21,4,0
Henrique Da Silva Lopes,"6' 3""",240 lbs.,--,,5,2,0
Nicolas Dalby,"5' 11""",170 lbs.,"74.0""",Orthodox,23,5,1
Paul Daley,"5' 9""",170 lbs.,"76.0""",Orthodox,39,15,2
Dave Dalgliesh,"6' 2""",205 lbs.,--,Orthodox,30,19,2
Richard Dalton,"6' 1""",205 lbs.,--,Orthodox,4,3,1
Aisling Daly,"5' 2""",115 lbs.,"64.0""",Orthodox,16,6,0
Marko Damiani,"6' 0""",170 lbs.,--,,0,2,0
Leonardo Damiani,"5' 10""",170 lbs.,"69.0""",Orthodox,10,3,1
Rodrigo Damm,"5' 7""",155 lbs.,"71.0""",Orthodox,13,9,0
Carina Damm,"5' 4""",135 lbs.,--,,2,13,0
Batgerel Danaa,"5' 7""",135 lbs.,"70.0""",Orthodox,12,5,0
Cindy Dandois,"5' 7""",135 lbs.,--,Orthodox,8,3,0
Peter Danesoe,"5' 9""",125 lbs.,"68.0""",Orthodox,6,3,0
Jarjis Danho,"6' 3""",265 lbs.,"74.0""",Orthodox,7,1,1
Raymond Daniels,"6' 2""",185 lbs.,--,Southpaw,0,1,0
Marques Daniels,--,155 lbs.,--,,5,5,0
Anvarbek Daniyalbekov,--,185 lbs.,--,,8,0,0
Alexandre Dantas,"6' 2""",238 lbs.,--,Orthodox,0,3,0
Eduardo Dantas,"5' 10""",135 lbs.,--,,20,4,0
Mac Danzig,"5' 8""",155 lbs.,"70.0""",Orthodox,21,12,1
Karen Darabedyan,"5' 7""",155 lbs.,"68.0""",Orthodox,13,6,0
Beneil Dariush,"5' 10""",155 lbs.,"72.0""",Southpaw,22,6,1
Sean Daugherty,"6' 0""",175 lbs.,--,,0,2,0
Kyle Daukaus,"6' 3""",185 lbs.,"76.0""",Southpaw,11,4,0
Chris Daukaus,"6' 3""",205 lbs.,"76.0""",Orthodox,12,7,0
Brian Davidson,"5' 6""",145 lbs.,--,,13,4,0
Rick Davis,"5' 9""",155 lbs.,--,Orthodox,3,1,1
Marcus Davis,"5' 10""",170 lbs.,"70.0""",Southpaw,22,11,0
LC Davis,"5' 8""",135 lbs.,"69.0""",Southpaw,23,8,0
Phil Davis,"6' 2""",205 lbs.,"79.0""",Orthodox,17,4,0
Lemont Davis,"5' 8""",170 lbs.,--,Orthodox,2,6,0
Mike Davis,--,--,--,,2,0,0
Justin Davis,"5' 11""",205 lbs.,--,,13,16,0
Alexis Davis,"5' 6""",135 lbs.,"68.0""",Orthodox,21,11,0
Danny Davis,"6' 2""",170 lbs.,--,,13,11,1
Brandon Davis,"5' 10""",135 lbs.,"72.0""",Orthodox,14,10,0
Mike Davis,"6' 0""",155 lbs.,"72.0""",Orthodox,11,3,0
Hakeem Dawodu,"5' 8""",145 lbs.,"73.0""",Orthodox,13,4,1
Grant Dawson,"5' 10""",155 lbs.,"72.0""",Switch,23,2,1
Jason Day,"6' 0""",185 lbs.,"72.0""",Orthodox,19,12,0
Martin Day,"5' 10""",145 lbs.,"73.0""",Orthodox,8,6,0
Angel De Anda,"5' 9""",225 lbs.,--,Orthodox,18,6,0
Yorgan De Castro,"6' 0""",250 lbs.,"74.0""",Orthodox,6,3,0
Geraldo de Freitas,"5' 7""",135 lbs.,"72.0""",Orthodox,12,6,0
Philip De Fries,"6' 5""",250 lbs.,"79.0""",Orthodox,12,6,0
Chris de la Rocha,"6' 3""",250 lbs.,"80.0""",Orthodox,5,3,0
Montana De La Rosa,"5' 7""",125 lbs.,"68.0""",Orthodox,13,9,1
Mark De La Rosa,"5' 6""",135 lbs.,"65.0""",Orthodox,11,5,0
Mike de la Torre,"5' 11""",145 lbs.,"71.0""",Orthodox,14,7,0
Rodrigo de Lima,"5' 7""",155 lbs.,--,Orthodox,8,3,1
Edilberto de Oliveira,"6' 0""",170 lbs.,--,Orthodox,29,15,2
Johil de Oliveira,"5' 6""",170 lbs.,--,Orthodox,17,15,1
Jorge de Oliveira,"5' 8""",155 lbs.,--,Orthodox,9,2,0
Isabela de Padua,"5' 3""",125 lbs.,"64.0""",Orthodox,5,2,0
Gloria de Paula,"5' 5""",115 lbs.,"67.0""",Orthodox,6,5,0
Germaine de Randamie,"5' 9""",135 lbs.,"71.0""",Orthodox,10,5,0
Reinier de Ridder,"6' 4""",185 lbs.,"78.0""",Southpaw,19,2,0
Crezio de Souza,--,170 lbs.,--,Orthodox,1,2,0
Carl Deaton,"5' 7""",155 lbs.,"69.0""",Orthodox,17,7,0
Tom DeBlass,"6' 0""",185 lbs.,--,Orthodox,9,2,0
Issac DeJesus,--,145 lbs.,--,,12,7,1
Rafael Del Real,"5' 11""",225 lbs.,--,,6,20,0
Shane del Rosario,"6' 4""",250 lbs.,--,Southpaw,11,2,0
Wallen Del Rosario,"5' 4""",125 lbs.,"67.0""",Orthodox,8,2,0
Humberto DeLeon,--,135 lbs.,--,,7,7,0
Rolando Delgado,"6' 3""",155 lbs.,"77.0""",Orthodox,11,6,1
Israel Delgado,"5' 10""",155 lbs.,--,,0,2,0
Jose Delgado,"5' 11""",145 lbs.,"73.0""",Switch,9,1,0
Ante Delija,"6' 4""",245 lbs.,--,Orthodox,17,3,0
Jack Della Maddalena,"5' 11""",170 lbs.,"73.0""",Switch,17,2,0
Roland Delorme,"5' 9""",135 lbs.,"71.0""",Orthodox,9,5,0
Jon Delos Reyes,"5' 6""",125 lbs.,"67.0""",Orthodox,8,5,0
Jason DeLucia,"5' 11""",190 lbs.,--,Southpaw,33,21,1
Yadier DelValle,"5' 9""",145 lbs.,"69.0""",Southpaw,8,0,0
Justin DeMoney,--,170 lbs.,--,,15,7,1
Vanessa Demopoulos,"5' 2""",115 lbs.,"59.0""",Orthodox,11,6,0
Chris Dempsey,"5' 10""",185 lbs.,"72.0""",Orthodox,11,5,0
Nick Denis,"5' 7""",135 lbs.,--,Orthodox,11,3,0
Thomas Denny,"5' 10""",170 lbs.,--,Orthodox,27,21,1
Robert Densley,"5' 9""",155 lbs.,--,,9,10,0
Jason Dent,"5' 10""",155 lbs.,"71.0""",Orthodox,22,13,0
Mackenzie Dern,"5' 4""",115 lbs.,"63.0""",Orthodox,15,5,0
Booker DeRousse,"6' 2""",205 lbs.,--,,6,5,0
Tony DeSouza,"6' 0""",170 lbs.,"70.0""",Southpaw,11,4,0
Robelis Despaigne,"6' 7""",265 lbs.,"84.0""",Orthodox,5,2,0
Cory Devela,"5' 0""",185 lbs.,--,Orthodox,16,7,0
John Devine,--,--,--,,6,4,0
Edwin DeWees,"6' 1""",185 lbs.,--,Orthodox,38,17,0
Alessio Di Chirico,"6' 0""",185 lbs.,"74.0""",Orthodox,13,7,0
Micol Di Segni,"5' 3""",115 lbs.,"60.0""",Orthodox,7,3,0
Cyrille Diabate,"6' 6""",205 lbs.,"81.0""",Southpaw,19,10,1
Thomas Diagne,"6' 1""",154 lbs.,--,,6,6,1
Marc Diakiese,"5' 10""",155 lbs.,"73.0""",Orthodox,17,7,0
Tyler Diamond,"5' 7""",145 lbs.,"69.0""",Orthodox,9,1,0
Blood Diamond,"5' 11""",170 lbs.,"76.0""",Switch,3,3,0
Eldo Xavier Dias,"5' 11""",180 lbs.,--,,0,1,0
Rafael Dias,"5' 9""",145 lbs.,--,Orthodox,17,12,2
Hacran Dias,"5' 8""",155 lbs.,"69.0""",Orthodox,23,6,1
Victor Dias,"5' 6""",125 lbs.,"69.0""",Orthodox,11,3,0
Nick Diaz,"6' 1""",170 lbs.,"76.0""",Southpaw,26,10,0
Nate Diaz,"6' 0""",170 lbs.,"76.0""",Southpaw,22,13,0
Michael Diaz,--,260 lbs.,--,,1,2,0
Ryan Diaz,--,145 lbs.,--,,13,14,0
Adrian Diaz,"5' 10""",145 lbs.,--,Southpaw,11,4,1
Ozzy Diaz,"6' 4""",185 lbs.,"79.0""",Orthodox,10,3,0
Mark Dickman,"5' 9""",145 lbs.,--,,11,3,0
Josh Diekmann,"5' 4""",246 lbs.,--,,15,8,0
Kyle Dietz,"5' 8""",135 lbs.,--,Orthodox,5,2,0
Seth Dikun,"5' 10""",135 lbs.,"69.0""",Orthodox,9,8,0
TJ Dillashaw,"5' 6""",135 lbs.,"67.0""",Orthodox,18,5,0
Ralph Dillon,"6' 2""",205 lbs.,--,Orthodox,0,2,1
Drew Dimanlig,--,185 lbs.,--,,3,4,0
Ding Meng,"6' 2""",170 lbs.,"73.0""",Orthodox,34,9,0
Rodolfo Marques Diniz,"5' 6""",135 lbs.,--,,23,9,1
Jhonata Diniz,"6' 4""",254 lbs.,"79.0""",Orthodox,8,1,0
Helio Dipp,"6' 5""",185 lbs.,--,Orthodox,6,3,0
Rico DiSciullo,"5' 8""",135 lbs.,--,Orthodox,9,2,0
Matt Dixon,"5' 10""",170 lbs.,"75.0""",Switch,9,1,0
John Dixson,"6' 0""",275 lbs.,--,Orthodox,15,22,0
Anthony Do,"5' 4""",125 lbs.,--,,4,2,0
Russell Doane,"5' 7""",135 lbs.,"70.0""",Orthodox,15,8,0
Drew Dober,"5' 8""",155 lbs.,"70.0""",Southpaw,27,15,0
Shana Dobson,"5' 6""",125 lbs.,"69.0""",Orthodox,4,5,0
AJ Dobson,"6' 1""",185 lbs.,"76.0""",Orthodox,7,3,0
David Dodd,"6' 2""",200 lbs.,--,Orthodox,4,7,0
John Dodson,"5' 3""",135 lbs.,"66.0""",Orthodox,22,12,0
Joe Doerksen,"6' 0""",185 lbs.,"75.0""",Orthodox,51,16,0
Mike Dolce,"5' 11""",185 lbs.,--,,5,10,0
Roman Dolidze,"6' 2""",185 lbs.,"76.0""",Orthodox,15,3,0
Cameron Dollar,"5' 11""",155 lbs.,--,Orthodox,11,5,0
CB Dollaway,"6' 2""",185 lbs.,"76.0""",Orthodox,17,9,0
Dennis Dombrow,--,145 lbs.,--,,7,5,0
OJ Dominguez,--,--,--,,0,1,0
John Donaldson,"5' 8""",145 lbs.,--,,2,2,0
Dong Huaxiang,"5' 3""",115 lbs.,"61.0""",Switch,12,3,0
Cody Donovan,"6' 3""",205 lbs.,"74.0""",Orthodox,8,5,0
Houston Dorr,"6' 1""",210 lbs.,--,Orthodox,1,2,0
Rafael Dos Anjos,"5' 8""",170 lbs.,"70.0""",Southpaw,32,17,0
Junior Dos Santos,"6' 4""",238 lbs.,"77.0""",Orthodox,21,9,0
Geronimo dos Santos,"6' 3""",264 lbs.,--,Orthodox,39,19,0
Antonio Dos Santos,"5' 10""",185 lbs.,--,Orthodox,6,4,0
Anderson Dos Santos,"5' 5""",135 lbs.,"70.0""",Orthodox,21,9,0
Acacio Dos Santos,"6' 4""",205 lbs.,"79.0""",Orthodox,14,5,0
Rayanne dos Santos,"5' 2""",115 lbs.,"62.0""",Orthodox,14,8,0
Felipe dos Santos,"5' 7""",125 lbs.,"70.0""",Orthodox,8,3,0
Tiago dos Santos e Silva,"5' 9""",145 lbs.,"70.0""",Orthodox,20,7,2
Oleksandr Doskalchuk,"5' 6""",125 lbs.,--,Southpaw,10,2,0
David Douglas,"5' 11""",155 lbs.,--,,9,7,0
Damion Douglas,--,170 lbs.,--,,4,1,0
Cedric Doumbe,"5' 10""",170 lbs.,--,,2,0,0
John Dowdy,--,--,--,,0,1,0
Jordan Dowdy,--,170 lbs.,--,,4,3,0
Danny Downes,"6' 0""",155 lbs.,"72.0""",Orthodox,8,3,0
Derek Downey,"6' 1""",185 lbs.,--,Orthodox,11,4,0
John Doyle,"5' 11""",205 lbs.,--,Orthodox,11,22,0
Edson Drago,"6' 4""",220 lbs.,--,Orthodox,11,7,0
Anthony Drilich,"5' 5""",125 lbs.,"65.0""",Southpaw,8,2,0
Kyle Driscoll,"5' 11""",145 lbs.,"74.0""",Orthodox,12,3,0
Chris Drumm,"5' 8""",145 lbs.,--,,0,1,0
Tomasz Drwal,"6' 1""",205 lbs.,"76.0""",Orthodox,21,5,1
Robert Drysdale,"6' 3""",205 lbs.,--,Orthodox,7,0,0
Dricus Du Plessis,"6' 1""",185 lbs.,"76.0""",Switch,23,2,0
Hugo Duarte,"6' 0""",240 lbs.,--,Orthodox,6,3,0
Antonio Duarte,"5' 7""",135 lbs.,--,,19,7,0
Joe Duarte,--,155 lbs.,--,,10,4,0
Yuneisy Duben,"5' 4""",125 lbs.,"65.0""",Orthodox,6,1,0
Matthieu Duclos,"6' 3""",185 lbs.,"77.0""",Orthodox,6,3,0
Emily Ducote,"5' 2""",115 lbs.,"63.0""",Orthodox,13,9,0
Viktoriia Dudakova,"5' 5""",115 lbs.,"67.0""",Orthodox,8,2,0
Milana Dudieva,"5' 3""",135 lbs.,--,Orthodox,11,6,0
Adin Duenas,"5' 6""",145 lbs.,--,,6,1,0
Todd Duffee,"6' 3""",260 lbs.,"78.0""",Orthodox,9,3,0
Joe Duffy,"5' 10""",155 lbs.,"73.0""",Orthodox,16,5,0
Jack Duffy,"5' 7""",125 lbs.,"69.0""",Switch,7,1,0
Alexis Dufresne,"5' 9""",135 lbs.,--,Orthodox,6,3,0
Jessamyn Duke,"5' 11""",135 lbs.,"73.0""",Orthodox,3,5,0
Islam Dulatov,"6' 3""",170 lbs.,"75.0""",Orthodox,11,1,0
Isaac Dulgarian,"5' 7""",145 lbs.,"71.0""",Orthodox,7,1,0
Kelly Dullanty,"5' 8""",155 lbs.,--,Orthodox,4,2,0
Sedriques Dumas,"6' 2""",185 lbs.,"79.0""",Orthodox,10,2,0
Norma Dumont,"5' 7""",135 lbs.,"67.0""",Orthodox,12,2,0
Chris Duncan,"5' 10""",155 lbs.,"71.0""",Orthodox,13,2,0
Christian Leroy Duncan,"6' 2""",185 lbs.,"79.0""",Switch,11,2,0
Evan Dunham,"5' 10""",155 lbs.,"70.0""",Southpaw,18,9,1
Alex Dunworth,"5' 8""",155 lbs.,--,,2,2,0
Tom Duquesnoy,"5' 7""",135 lbs.,"68.0""",Orthodox,16,2,0
Albert Duraev,"5' 11""",185 lbs.,"75.0""",Orthodox,16,5,0
Reuben Duran,"5' 7""",135 lbs.,"71.0""",Orthodox,11,7,1
Cody Durden,"5' 7""",125 lbs.,"67.0""",Southpaw,17,7,1
Luiz Dutra,"5' 11""",170 lbs.,--,Orthodox,13,6,1
Rilley Dutro,"5' 8""",125 lbs.,--,Orthodox,11,4,0
Bill Duvall,"6' 2""",185 lbs.,--,Southpaw,1,2,0
Merab Dvalishvili,"5' 6""",135 lbs.,"68.0""",Orthodox,19,4,0
David Dvorak,"5' 5""",125 lbs.,"68.0""",Orthodox,20,6,0
Matt Dwyer,"6' 4""",170 lbs.,"76.0""",Orthodox,9,4,0
Rolando Dy,"5' 8""",145 lbs.,"69.0""",Orthodox,9,7,1
Ben Earwood,"5' 8""",170 lbs.,--,Orthodox,12,3,0
Cody East,"6' 3""",245 lbs.,--,Orthodox,12,3,0
Marvin Eastman,"5' 9""",185 lbs.,"73.0""",Orthodox,18,15,1
Mike Easton,"5' 6""",135 lbs.,"70.0""",Southpaw,13,6,0
Maurice Eazel,"5' 7""",135 lbs.,--,,7,15,0
Vincent Eazelle,"5' 11""",155 lbs.,--,,9,2,0
Ross Ebanez,"5' 9""",154 lbs.,--,Southpaw,20,10,0
Brian Ebersole,"6' 0""",170 lbs.,"73.0""",Southpaw,51,18,1
Roybert Echeverria,"5' 5""",125 lbs.,"67.0""",Switch,7,1,0
Mark Eddiva,"5' 8""",145 lbs.,"68.0""",Orthodox,6,3,0
Frankie Edgar,"5' 6""",135 lbs.,"68.0""",Orthodox,23,11,1
Abdul-Kerim Edilov,"6' 2""",205 lbs.,--,Orthodox,17,4,0
Johnny Eduardo,"5' 7""",135 lbs.,"71.0""",Orthodox,28,13,0
Yves Edwards,"5' 9""",155 lbs.,"73.0""",Southpaw,42,22,1
Justin Edwards,"5' 10""",155 lbs.,"70.0""",Orthodox,9,5,0
Leon Edwards,"6' 2""",170 lbs.,"74.0""",Southpaw,22,5,0
Te Edwards,"5' 8""",155 lbs.,"72.0""",Orthodox,6,3,0
Adli Edwards,--,145 lbs.,--,,4,1,0
Joselyne Edwards,"5' 8""",135 lbs.,"70.0""",Orthodox,14,6,0
Tom Egan,"5' 11""",170 lbs.,--,Orthodox,7,5,0
Stephanie Egger,"5' 6""",135 lbs.,"68.0""",Orthodox,8,5,0
Justin Eilers,"6' 1""",235 lbs.,--,Orthodox,19,7,1
Jon Olav Einemo,"6' 6""",253 lbs.,--,Orthodox,6,3,0
Per Eklund,"5' 10""",155 lbs.,"72.0""",Orthodox,14,5,1
John Elam,--,--,--,,2,0,0
Evan Elder,"5' 10""",155 lbs.,"72.0""",Switch,9,2,0
Billy Elekana,"6' 3""",205 lbs.,"77.0""",Southpaw,7,2,0
John Paul Elias,"6' 4""",205 lbs.,--,,3,1,0
Joao Elias,"5' 3""",125 lbs.,"64.0""",Southpaw,17,4,1
Saul Elizondo,"5' 7""",135 lbs.,--,,6,8,0
Darren Elkins,"5' 10""",145 lbs.,"71.0""",Orthodox,29,11,0
Jake Ellenberger,"5' 9""",170 lbs.,"71.0""",Orthodox,31,15,0
Joe Ellenberger,"5' 9""",155 lbs.,"72.0""",Orthodox,15,2,0
Tim Elliott,"5' 7""",125 lbs.,"66.0""",Southpaw,21,13,1
Oban Elliott,"6' 0""",170 lbs.,"72.0""",Orthodox,12,2,0
Eddy Ellis,"5' 9""",170 lbs.,--,Orthodox,21,16,1
Lisa Ellis,"5' 4""",115 lbs.,--,,15,11,0
Anna Elmose,"5' 3""",115 lbs.,--,Orthodox,3,2,0
Cameron Else,"5' 9""",135 lbs.,"71.0""",Switch,10,6,0
Aaron Ely,"5' 8""",135 lbs.,--,,5,2,0
Sovannahry Em,"5' 4""",135 lbs.,--,,3,1,0
Ramazan Emeev,"5' 10""",170 lbs.,"76.0""",Southpaw,20,6,0
Aleksander Emelianenko,"6' 6""",255 lbs.,--,Orthodox,23,7,0
Fedor Emelianenko,"6' 0""",230 lbs.,"74.0""",Orthodox,36,5,0
Rob Emerson,"5' 9""",155 lbs.,"70.0""",Orthodox,18,12,0
Jamall Emmers,"5' 10""",145 lbs.,"74.0""",Orthodox,21,8,0
Josh Emmett,"5' 6""",145 lbs.,"70.0""",Orthodox,19,4,0
Marius Enache,"5' 11""",155 lbs.,--,,3,3,0
Kevin Engel,"6' 2""",170 lbs.,--,,5,1,0
Kolton Englund,"5' 10""",155 lbs.,"69.0""",Orthodox,9,4,0
Oliver Enkamp,"6' 0""",170 lbs.,"77.0""",Switch,7,2,0
Alex Enlund,"5' 10""",145 lbs.,--,Orthodox,14,2,0
Kenny Ento,"6' 2""",192 lbs.,--,,14,15,0
Ian Entwistle,"5' 5""",135 lbs.,--,Orthodox,9,3,0
Andy Enz,"6' 3""",185 lbs.,"78.0""",Orthodox,10,4,0
Won Jin Eoh,"5' 7""",160 lbs.,--,Orthodox,5,5,1
Josh Epps,--,130 lbs.,--,,6,7,0
Abdellah Er-Ramy,"6' 0""",185 lbs.,"74.0""",Orthodox,7,2,0
Steve Erceg,"5' 8""",125 lbs.,"68.0""",Orthodox,12,4,0
Tom Erikson,"6' 3""",280 lbs.,--,Orthodox,9,4,1
Konstantin Erokhin,"5' 11""",230 lbs.,--,Orthodox,9,3,0
Julian Erosa,"6' 1""",145 lbs.,"74.0""",Southpaw,30,12,0
Jarno Errens,"5' 11""",145 lbs.,"73.0""",Orthodox,14,6,1
Ivan Erslan,"6' 2""",205 lbs.,"72.0""",Orthodox,14,4,0
Nick Ertl,"5' 9""",155 lbs.,--,,8,6,0
Chel Erwin-Davis,"6' 0""",170 lbs.,--,,5,1,0
Bobby Escalante,--,130 lbs.,--,,5,6,0
Eric Esch,"5' 11""",350 lbs.,--,Orthodox,15,10,1
Pro Escobedo,--,205 lbs.,--,,1,0,0
Cole Escovedo,"5' 7""",135 lbs.,"72.0""",Orthodox,17,9,0
Efrain Escudero,"5' 9""",155 lbs.,"71.0""",Orthodox,28,12,0
Evan Esguerra,--,145 lbs.,--,,8,7,0
Carla Esparza,"5' 1""",115 lbs.,"63.0""",Orthodox,20,8,0
Juan Espino,"6' 3""",255 lbs.,"80.0""",Orthodox,11,2,0
Jordan Espinosa,"5' 6""",125 lbs.,"69.0""",Orthodox,15,9,0
Jodie Esquibel,"5' 1""",115 lbs.,"64.0""",Orthodox,6,6,0
Rafael Estevam,"5' 8""",125 lbs.,"69.0""",Orthodox,13,0,0
Achilles Estremadura,"5' 10""",155 lbs.,"68.0""",Orthodox,7,1,0
Shaun Etchell,"5' 7""",125 lbs.,"68.0""",Switch,7,3,0
Terry Etim,"6' 1""",155 lbs.,"73.0""",Orthodox,16,5,0
Fred Ettish,"6' 0""",180 lbs.,--,Southpaw,1,1,0
Scott Ettling,--,135 lbs.,--,,4,2,0
Sijara Eubanks,"5' 4""",125 lbs.,"67.0""",Orthodox,8,7,0
Billy Evangelista,"5' 8""",155 lbs.,"68.0""",Orthodox,13,3,0
Rashad Evans,"6' 0""",205 lbs.,"75.0""",Orthodox,19,8,1
Doug Evans,"5' 9""",155 lbs.,--,Orthodox,13,10,0
Ashlee Evans-Smith,"5' 8""",135 lbs.,"67.0""",Orthodox,6,6,0
Dan Evensen,"6' 3""",250 lbs.,--,Orthodox,11,4,0
Tonya Evinger,"5' 7""",135 lbs.,"70.0""",Orthodox,19,8,0
Movsar Evloev,"5' 7""",145 lbs.,"72.0""",Orthodox,19,0,0
Andre Ewell,"5' 8""",145 lbs.,"75.0""",Southpaw,17,9,0
Neal Ewing,--,185 lbs.,--,,6,0,0
Jessica Eye,"5' 6""",125 lbs.,"66.0""",Orthodox,15,11,0
Edward Faaloloto,--,155 lbs.,"70.0""",Orthodox,2,5,0
Urijah Faber,"5' 6""",135 lbs.,"67.0""",Orthodox,35,11,0
Melinda Fabian,"5' 6""",125 lbs.,"66.0""",Orthodox,4,4,2
Wagnney Fabiano,"5' 6""",145 lbs.,"69.0""",Southpaw,16,4,0
Bartosz Fabinski,"6' 0""",170 lbs.,"75.0""",Orthodox,15,5,0
Ron Faircloth,"5' 9""",205 lbs.,--,Orthodox,33,20,0
Jason Fairn,"6' 1""",230 lbs.,--,,4,5,0
Zarah Fairn,"5' 8""",135 lbs.,"72.0""",Orthodox,6,6,0
Rinat Fakhretdinov,"6' 0""",170 lbs.,"74.0""",Orthodox,23,1,1
Maiquel Falcao,"5' 11""",185 lbs.,--,Orthodox,37,10,0
Pedro Falcao,"5' 6""",135 lbs.,"66.0""",Orthodox,16,4,0
Brodie Farber,"6' 1""",170 lbs.,--,Orthodox,16,7,0
Joao Paulo Faria,"5' 9""",155 lbs.,--,,1,1,0
Kalindra Faria,"5' 7""",125 lbs.,--,Switch,18,8,1
Jair Farias,"6' 1""",145 lbs.,"76.0""",Orthodox,10,1,0
Chance Farrar,"5' 9""",145 lbs.,--,Southpaw,8,3,0
Rico Farrington,"6' 4""",170 lbs.,"79.0""",Southpaw,7,3,0
Kelly Faszholz,"5' 8""",135 lbs.,--,Orthodox,4,2,0
Rodney Faverus,"6' 0""",215 lbs.,--,Southpaw,25,20,3
Paul Felder,"5' 11""",155 lbs.,"70.0""",Orthodox,17,6,0
Carlos Felipe,"6' 0""",245 lbs.,"75.0""",Orthodox,11,2,0
JP Felty,--,170 lbs.,--,,4,5,0
Feng Pengchao,--,135 lbs.,--,,15,9,1
Feng Xiaocan,"5' 7""",115 lbs.,"66.0""",Southpaw,10,3,0
Kevin Ferguson,"6' 2""",235 lbs.,"77.0""",Orthodox,5,2,0
Rhadi Ferguson,"5' 7""",205 lbs.,--,,3,0,0
Tony Ferguson,"5' 11""",170 lbs.,"76.0""",Orthodox,26,11,0
Josh Ferguson,"5' 5""",125 lbs.,--,Orthodox,10,5,0
CJ Fernandes,"6' 2""",170 lbs.,--,,14,8,3
Bibiano Fernandes,"5' 7""",139 lbs.,--,Orthodox,20,3,0
Gabriella Fernandes,"5' 6""",125 lbs.,"66.0""",Southpaw,10,3,0
Kaue Fernandes,"5' 9""",155 lbs.,"73.0""",Orthodox,10,2,0
Emily Fernandez,--,--,--,,0,0,0
Lucas Fernando,"6' 3""",185 lbs.,"80.0""",,9,2,0
Alexandre Ferreira,"5' 7""",205 lbs.,--,Orthodox,18,6,0
Cezar Ferreira,"6' 1""",185 lbs.,"78.0""",Southpaw,13,8,0
Diego Ferreira,"5' 9""",155 lbs.,"74.0""",Orthodox,19,6,0
Erisson Ferreira,"5' 6""",125 lbs.,"70.0""",Orthodox,12,2,0
Brunno Ferreira,"5' 10""",185 lbs.,"72.0""",Orthodox,13,2,0
Scott Ferrozzo,"5' 11""",323 lbs.,--,Orthodox,4,2,0
Timo Feucht,"6' 3""",205 lbs.,"79.0""",Orthodox,8,1,0
Andre Fialho,"6' 0""",170 lbs.,"74.0""",Orthodox,16,8,0
Drew Fickett,"5' 10""",155 lbs.,"70.0""",Orthodox,42,21,0
Scott Fiedler,"6' 4""",235 lbs.,--,Orthodox,0,1,0
Ron Fields,"6' 2""",200 lbs.,--,Orthodox,28,32,1
Michal Figlak,"5' 10""",155 lbs.,"70.0""",Orthodox,8,2,0
Deiveson Figueiredo,"5' 5""",135 lbs.,"68.0""",Orthodox,24,4,1
Francisco Figueiredo,"5' 6""",125 lbs.,"68.0""",Southpaw,13,5,1
Anthony Figueroa,"5' 4""",135 lbs.,--,Orthodox,11,8,1
Edwin Figueroa,"5' 7""",135 lbs.,"69.0""",Orthodox,9,5,0
Paulo Filho,"5' 8""",185 lbs.,--,Southpaw,23,6,3
Jafel Filho,"5' 7""",125 lbs.,"68.0""",Orthodox,16,3,0
Andre Fili,"5' 11""",145 lbs.,"74.0""",Orthodox,24,12,0
Mirko Filipovic,"6' 2""",230 lbs.,"73.0""",Southpaw,35,11,2
Brady Fink,"6' 0""",183 lbs.,--,Orthodox,2,3,0
Jesse Finney,"6' 0""",170 lbs.,--,,5,1,0
Jan Finney,"5' 8""",135 lbs.,--,Orthodox,11,12,0
Torrez Finney,"5' 8""",185 lbs.,"75.0""",Orthodox,10,0,0
Luigi Fioravanti,"5' 8""",170 lbs.,"70.0""",Orthodox,26,15,0
Nick Fiore,"5' 10""",155 lbs.,"72.0""",Orthodox,6,2,0
Manon Fiorot,"5' 7""",125 lbs.,"65.0""",Orthodox,12,1,0
Luiz Firmino,"5' 6""",154 lbs.,--,Orthodox,19,8,0
Spencer Fisher,"5' 7""",155 lbs.,"68.0""",Southpaw,24,9,0
Chris Fishgold,"5' 8""",145 lbs.,"68.0""",Orthodox,18,4,1
Bryanna Fissori,"5' 4""",145 lbs.,--,,2,4,0
Jon Fitch,"6' 0""",170 lbs.,"74.0""",Orthodox,30,7,1
Isi Fitikefu,"5' 10""",205 lbs.,--,,6,0,0
Rafael Fiziev,"5' 8""",155 lbs.,"71.0""",Switch,12,4,0
Colin Fletcher,"6' 2""",155 lbs.,--,Orthodox,14,8,0
AJ Fletcher,"5' 10""",170 lbs.,"67.0""",Switch,10,3,0
Nathan Fletcher,"5' 7""",135 lbs.,"70.0""",Orthodox,9,2,0
Jimmy Flick,"5' 7""",125 lbs.,"68.0""",Orthodox,17,8,0
Luke Flores,"6' 0""",155 lbs.,"73.0""",Southpaw,9,2,0
Ty Flores,"6' 3""",205 lbs.,"73.0""",Switch,7,3,0
Alejandro Flores,"5' 10""",145 lbs.,"73.0""",Orthodox,17,3,0
Kenny Florian,"5' 10""",145 lbs.,"74.0""",Southpaw,14,6,0
Darrius Flowers,"5' 9""",155 lbs.,"71.0""",Orthodox,12,8,1
Cody Floyd,--,--,--,,2,0,0
Bobby Flynn,--,170 lbs.,--,,6,4,0
Caros Fodor,"5' 9""",155 lbs.,"74.0""",Orthodox,11,6,0
Mal Foki,"5' 7""",220 lbs.,--,Orthodox,5,5,0
Matt Foki,"5' 7""",220 lbs.,--,Orthodox,5,4,0
AJ Fonseca,"5' 4""",145 lbs.,--,,5,4,0
Rob Font,"5' 8""",135 lbs.,"71.0""",Orthodox,22,8,0
Claudionor Fontinelle,"5' 5""",185 lbs.,--,Orthodox,10,15,1
Jesse Forbes,"6' 2""",185 lbs.,"75.0""",Southpaw,15,5,0
Sterling Ford,"5' 10""",155 lbs.,--,,15,7,0
Codale Ford,"5' 9""",170 lbs.,--,,11,9,0
Raheam Forest,"5' 11""",170 lbs.,"73.0""",Switch,7,2,0
Jussier Formiga,"5' 5""",125 lbs.,"67.0""",Orthodox,23,8,0
Renee Forte,"5' 7""",155 lbs.,"71.0""",Orthodox,8,4,0
Brianna Fortino,"5' 0""",115 lbs.,"62.0""",Southpaw,9,3,0
Marcel Fortuna,"6' 1""",205 lbs.,"74.0""",Orthodox,9,3,0
Brian Foster,"5' 9""",170 lbs.,"71.0""",Orthodox,27,10,0
Xavier Foupa-Pokam,"6' 1""",185 lbs.,--,Open Stance,32,22,0
Mason Fowler,"5' 11""",170 lbs.,--,,2,0,0
Brandon Foxworth,"5' 11""",145 lbs.,--,Orthodox,18,4,0
Hermes Franca,"5' 6""",155 lbs.,"71.0""",Orthodox,24,17,0
Glaico Franca Moreira,"6' 0""",155 lbs.,"77.0""",Orthodox,15,5,0
Francisco France,"6' 0""",205 lbs.,--,,13,5,1
John Franchi,"5' 6""",145 lbs.,"67.0""",Orthodox,6,2,0
Rich Franklin,"6' 1""",185 lbs.,"76.0""",Southpaw,29,7,0
Xavier Franklin,"5' 6""",135 lbs.,"66.0""",Southpaw,5,1,0
Zoila Frausto,"5' 4""",135 lbs.,--,Orthodox,13,5,0
Stephanie Frausto,"5' 2""",115 lbs.,"61.0""",Orthodox,8,7,0
Zane Frazier,"6' 5""",250 lbs.,--,Orthodox,4,11,0
Gary Frazier,"6' 0""",245 lbs.,--,Orthodox,3,3,0
Justin Frazier,"6' 0""",265 lbs.,"75.0""",Southpaw,10,3,0
Ian Freeman,"5' 11""",225 lbs.,--,Orthodox,20,7,1
Jason Freeman,"6' 2""",225 lbs.,--,,6,4,0
Kennedy Freeman,--,135 lbs.,--,,6,0,0
Willamy Freire,"5' 8""",155 lbs.,--,Orthodox,26,6,0
Patricio Freire,"5' 5""",145 lbs.,"65.0""",,26,4,0
Patricky Freire,"5' 7""",155 lbs.,"71.0""",,17,8,0
Jeremy Freitag,"6' 1""",205 lbs.,--,,6,10,0
Rafael Freitas,--,205 lbs.,--,Orthodox,3,6,0
Donavon Frelow,"5' 7""",135 lbs.,--,Orthodox,6,3,0
Josh Fremd,"6' 4""",185 lbs.,"76.0""",Orthodox,11,6,0
Clay French,"5' 7""",161 lbs.,--,Southpaw,19,7,0
Mike French,"5' 10""",145 lbs.,--,,9,10,0
Matt Frevola,"5' 9""",155 lbs.,"71.0""",Orthodox,11,5,1
Jinh Yu Frey,"5' 3""",115 lbs.,"65.0""",Southpaw,11,10,0
Artem Frolov,"5' 10""",185 lbs.,--,,11,0,0
Sarah Frota,"5' 6""",125 lbs.,"69.0""",Southpaw,9,2,0
Daniel Frunza,"6' 1""",170 lbs.,"73.0""",Orthodox,9,2,0
Don Frye,"6' 1""",219 lbs.,--,Orthodox,20,9,1
Tony Fryklund,"6' 0""",185 lbs.,--,Orthodox,14,9,1
Adam Fugitt,"6' 1""",170 lbs.,"77.0""",Southpaw,10,4,0
Jesse Fujarczyk,"6' 4""",225 lbs.,--,Southpaw,2,2,0
Katsuhisa Fujii,"6' 0""",205 lbs.,--,Orthodox,9,18,1
Megumi Fujii,"5' 3""",113 lbs.,--,,26,3,0
Kazuyuki Fujita,"6' 0""",235 lbs.,--,Orthodox,15,12,0
Keisuke Fujiwara,"5' 6""",139 lbs.,--,Switch,17,12,5
Riki Fukuda,"6' 0""",185 lbs.,"73.0""",Southpaw,24,9,0
Masio Fullen,"5' 10""",145 lbs.,"70.0""",Orthodox,11,7,0
Travis Fulton,"6' 0""",240 lbs.,--,Orthodox,253,53,10
Sam Fulton,--,--,--,,0,2,0
Masakatsu Funaki,"6' 0""",185 lbs.,--,Southpaw,39,13,2
Ricardo Funch,"5' 10""",170 lbs.,"74.0""",Southpaw,9,6,0
Katsuaki Furuki,"6' 0""",168 lbs.,--,,1,1,0
James Gabert,--,178 lbs.,--,,6,4,0
Gustavo Gabriel,"5' 6""",125 lbs.,--,Orthodox,13,1,0
Claudia Gadelha,"5' 4""",115 lbs.,"63.0""",Orthodox,18,5,0
Alavutdin Gadjiev,"6' 2""",185 lbs.,--,Orthodox,18,13,1
Magomed Gadzhiyasulov,"6' 2""",205 lbs.,"75.0""",Orthodox,9,1,0
Justin Gaethje,"5' 11""",155 lbs.,"70.0""",Orthodox,26,5,0
Sheila Gaff,"5' 5""",135 lbs.,--,Orthodox,9,7,0
Muin Gafurov,"5' 7""",135 lbs.,"68.0""",Orthodox,20,6,0
Mitch Gagnon,"5' 5""",135 lbs.,"65.0""",Southpaw,12,5,0
Brandon Gaines,"6' 3""",185 lbs.,--,,5,21,0
Travis Galbraith,"6' 0""",170 lbs.,--,Orthodox,18,7,0
Dave Galera,"5' 11""",135 lbs.,--,Orthodox,5,1,0
Zelg Galesic,"6' 2""",185 lbs.,--,Orthodox,11,9,0
Mickey Gall,"6' 2""",170 lbs.,"74.0""",Switch,7,7,0
Daniel Gallemore,"6' 5""",265 lbs.,--,,7,3,0
Tom Gallicchio,"5' 10""",170 lbs.,--,Southpaw,19,10,0
Turrell Galloway,"5' 3""",145 lbs.,--,,8,6,0
Eric Galvan,--,155 lbs.,--,,0,0,0
Andre Galvao,"5' 7""",168 lbs.,--,Orthodox,5,2,0
Marcos Galvao,"5' 7""",135 lbs.,--,Orthodox,18,8,1
Lucas Gamaza,--,170 lbs.,--,,8,4,0
Joey Gambino,"5' 7""",145 lbs.,--,Orthodox,9,2,0
Manvel Gamburyan,"5' 5""",135 lbs.,"67.0""",Orthodox,15,10,0
Mateusz Gamrot,"5' 10""",155 lbs.,"70.0""",Southpaw,24,3,0
Shamil Gamzatov,"6' 2""",205 lbs.,"76.0""",Orthodox,14,1,0
Ariel Gandulla,"5' 11""",205 lbs.,--,Orthodox,7,9,0
Ciryl Gane,"6' 4""",245 lbs.,"81.0""",Orthodox,13,2,0
Sean Gannon,"6' 3""",265 lbs.,--,Southpaw,2,1,0
Junye Gao,--,125 lbs.,--,,19,12,0
Eduardo Garagorri,"5' 9""",145 lbs.,"70.0""",Orthodox,13,2,0
Cody Garbrandt,"5' 8""",135 lbs.,"65.0""",Orthodox,14,6,0
Leonard Garcia,"5' 10""",145 lbs.,"68.0""",Orthodox,18,13,1
Edgar Garcia,"5' 10""",170 lbs.,"71.0""",Orthodox,14,5,0
Alejandro Garcia,"5' 7""",145 lbs.,--,,14,10,0
Alex Garcia,"5' 9""",170 lbs.,"72.0""",Orthodox,15,6,0
Nick Garcia,"5' 4""",125 lbs.,--,,8,3,0
Steve Garcia,"6' 0""",145 lbs.,"75.0""",Southpaw,17,5,0
Elias Garcia,"5' 5""",125 lbs.,"67.0""",Southpaw,6,2,0
Rafa Garcia,"5' 7""",155 lbs.,"70.0""",Orthodox,17,4,0
Fernie Garcia,"5' 7""",135 lbs.,"67.0""",Orthodox,10,5,0
Rulon Gardner,"6' 3""",265 lbs.,--,Orthodox,1,0,0
David Gardner,"5' 11""",155 lbs.,--,Orthodox,18,21,0
Pablo Garza,"6' 1""",145 lbs.,"73.0""",Orthodox,12,4,0
Azamat Gashimov,"5' 6""",125 lbs.,--,Orthodox,8,3,0
Brian Gassaway,"6' 1""",170 lbs.,--,Orthodox,29,20,2
Kelvin Gastelum,"5' 9""",185 lbs.,"71.0""",Southpaw,20,9,0
Willie Gates,"5' 8""",125 lbs.,"72.0""",Orthodox,12,7,0
Melissa Gatto,"5' 5""",135 lbs.,"69.0""",Orthodox,9,2,2
Sean Gauci,"5' 5""",125 lbs.,"64.0""",Switch,10,1,0
Louis Gaudinot,"5' 3""",125 lbs.,"63.0""",Orthodox,8,4,0
Ateba Gautier,"6' 4""",185 lbs.,"81.0""",Switch,7,1,0
Manuel Gaxhja,"5' 8""",155 lbs.,--,Switch,7,0,0
Shamil Gaziev,"6' 4""",265 lbs.,"78.0""",Orthodox,14,1,0
Charlene Gellner,"5' 2""",125 lbs.,--,,0,4,0
Chad George,"5' 6""",135 lbs.,"68.0""",Southpaw,16,8,0
Paul Georgieff,"6' 2""",170 lbs.,--,Orthodox,6,2,0
Brian Geraghty,"5' 7""",155 lbs.,--,Orthodox,26,18,1
Derek Getzel,"6' 0""",155 lbs.,--,,8,5,0
Karine Gevorgyan,"5' 4""",125 lbs.,"63.0""",,3,3,0
Yanis Ghemmouri,"5' 9""",135 lbs.,"69.0""",Orthodox,12,3,0
Darrel Gholar,"5' 8""",194 lbs.,--,Orthodox,5,6,0
Tiki Ghosn,"5' 10""",170 lbs.,--,Orthodox,10,7,1
Christos Giagos,"5' 10""",155 lbs.,"71.0""",Orthodox,20,12,0
Joe Giannetti,"6' 0""",155 lbs.,"74.0""",Southpaw,6,1,0
Nick Gibbons,"5' 10""",155 lbs.,--,,2,1,0
James Giboo,"5' 11""",170 lbs.,--,Orthodox,13,5,0
Lance Gibson,"5' 9""",185 lbs.,--,Orthodox,4,5,0
Lee Gibson,"5' 7""",155 lbs.,--,,12,4,0
Cody Gibson,"5' 10""",135 lbs.,"71.0""",Orthodox,22,11,0
Chase Gibson,"5' 10""",155 lbs.,"72.0""",Orthodox,9,5,0
Kenny Giddens,"5' 11""",155 lbs.,--,,12,7,0
Thomas Gifford,"6' 1""",155 lbs.,"75.0""",Orthodox,14,9,0
Joseph Gigliotti,"5' 11""",185 lbs.,--,Orthodox,7,2,0
Joey Gilbert,"5' 11""",155 lbs.,--,Orthodox,2,3,0
Trevin Giles,"6' 0""",170 lbs.,"74.0""",Orthodox,16,7,0
Kultar Gill,"6' 0""",154 lbs.,--,Orthodox,12,8,0
Jesse Gillespie,--,185 lbs.,--,,3,2,0
Gregor Gillespie,"5' 7""",155 lbs.,"71.0""",Orthodox,14,1,0
Jason Gilliam,"6' 0""",170 lbs.,--,Orthodox,14,9,0
Micheal Gillmore,"5' 11""",170 lbs.,"72.0""",Orthodox,6,5,0
Krishaun Gilmore,--,--,--,,0,1,0
Alex Gilpin,"5' 7""",145 lbs.,--,Orthodox,11,1,0
Bob Gilstrap,"6' 3""",200 lbs.,--,Orthodox,5,7,0
Eperaim Ginting,"5' 4""",135 lbs.,"64.0""",Orthodox,6,1,0
Demetrius Gioulacos,"5' 11""",185 lbs.,--,,0,1,0
Billy Giovanella,"5' 8""",125 lbs.,--,,9,5,0
He-Man Gipson,--,--,--,,1,2,0
Israel Giron,"5' 8""",155 lbs.,--,,19,5,0
Brandon Girtz,"5' 7""",155 lbs.,--,,14,7,0
Jason Glaza,"6' 0""",230 lbs.,--,,3,2,0
Mike Glenn,--,205 lbs.,--,,5,6,0
Ricky Glenn,"6' 0""",170 lbs.,"70.0""",Southpaw,22,9,2
Mark Godbeer,"6' 4""",240 lbs.,"77.0""",Orthodox,13,4,0
Clint Godfrey,"5' 6""",135 lbs.,--,Southpaw,13,3,0
Loopy Godinez,"5' 2""",115 lbs.,"61.0""",Orthodox,13,5,0
Jason Godsey,"6' 2""",230 lbs.,--,Orthodox,16,16,0
Allan Goes,"6' 0""",205 lbs.,--,Orthodox,10,5,2
Billy Ray Goff,"5' 10""",170 lbs.,"72.0""",Switch,9,3,0
Amiran Gogoladze,"6' 1""",170 lbs.,"74.0""",Switch,14,3,0
Jonny Goh,"5' 11""",155 lbs.,--,,3,4,0
Hannah Goldy,"5' 4""",115 lbs.,"61.0""",Orthodox,6,4,0
Marcelo Golm,"6' 3""",249 lbs.,"75.0""",Orthodox,6,3,0
Denise Gomes,"5' 2""",115 lbs.,"63.0""",Orthodox,10,3,0
Sergio Gomez,"5' 6""",155 lbs.,--,Orthodox,10,3,0
Frank Gomez,"5' 10""",135 lbs.,"67.0""",Orthodox,10,6,0
Alan Gomez,--,155 lbs.,--,,2,0,0
David Gomez,--,155 lbs.,--,,1,2,0
Ulysses Gomez,"5' 6""",125 lbs.,--,Orthodox,9,5,0
Joey Gomez,"5' 10""",135 lbs.,"73.0""",Orthodox,6,2,0
Luis Gomez,"5' 7""",145 lbs.,"68.0""",Orthodox,4,1,0
Joey Gomez,"5' 10""",155 lbs.,"71.0""",Orthodox,7,1,0
Edson Gomez,"5' 8""",170 lbs.,"69.0""",Switch,6,2,0
Silvana Gomez Juarez,"5' 3""",115 lbs.,"65.0""",Orthodox,11,5,0
Takanori Gomi,"5' 7""",155 lbs.,"70.0""",Southpaw,35,14,0
William Gomis,"6' 0""",145 lbs.,"73.0""",Southpaw,14,3,0
Akihiro Gono,"5' 7""",170 lbs.,"68.0""",Switch,35,21,8
Gabriel Gonzaga,"6' 2""",242 lbs.,"76.0""",Orthodox,17,11,0
Justin Gonzales,"5' 9""",145 lbs.,"72.0""",Orthodox,6,0,0
Fernando Gonzalez,"5' 9""",170 lbs.,"68.0""",Southpaw,26,14,0
Nick Gonzalez,"5' 6""",155 lbs.,--,Orthodox,17,12,0
Fabian Gonzalez,"5' 10""",135 lbs.,--,,2,1,0
Lewis Gonzalez,"5' 10""",170 lbs.,--,Orthodox,11,3,0
Jason Gonzalez,"6' 2""",155 lbs.,"74.0""",Southpaw,11,5,0
Pearl Gonzalez,"5' 4""",115 lbs.,--,Orthodox,6,3,0
Jorge Gonzalez,"6' 2""",205 lbs.,"76.0""",Orthodox,16,4,0
Mikey Gonzalez,"5' 11""",155 lbs.,"74.0""",Orthodox,7,2,0
Erick Gonzalez,"5' 11""",155 lbs.,"75.0""",Orthodox,14,8,0
Jennifer Gonzalez,"5' 2""",125 lbs.,--,,13,5,0
Kier Gooch,--,155 lbs.,--,,2,7,0
Lyman Good,"6' 0""",170 lbs.,"74.0""",Orthodox,21,6,0
Jared Gooden,"6' 0""",170 lbs.,"77.0""",Orthodox,23,10,0
Gary Goodridge,"6' 3""",249 lbs.,--,Orthodox,23,22,1
Jordan Goodwin,--,155 lbs.,--,,0,0,0
Gerard Gordeau,"6' 5""",216 lbs.,--,Orthodox,2,2,0
Eddie Gordon,"6' 0""",185 lbs.,"76.0""",Orthodox,8,4,0
Jared Gordon,"5' 9""",155 lbs.,"68.0""",Orthodox,20,7,0
Tebaris Gordon,"6' 1""",265 lbs.,--,Orthodox,3,1,0
Malcolm Gordon,"5' 7""",125 lbs.,"71.0""",Switch,14,8,0
Tresean Gore,"6' 0""",185 lbs.,"75.0""",Switch,6,2,0
Alex Gorgees,"6' 2""",155 lbs.,"74.0""",Switch,6,1,0
Themba Gorimbo,"6' 1""",170 lbs.,"77.0""",Orthodox,14,5,0
Tim Gorman,"5' 5""",135 lbs.,--,Southpaw,9,4,0
Chase Gormley,"6' 3""",265 lbs.,--,Orthodox,14,6,0
Jonathan Goulet,"6' 0""",170 lbs.,"73.0""",Orthodox,23,12,0
Thibault Gouti,"5' 10""",155 lbs.,"72.0""",Orthodox,12,5,0
Wilson Gouveia,"6' 1""",185 lbs.,"76.0""",Orthodox,14,8,0
Todd Gouwenberg,"6' 1""",205 lbs.,--,Orthodox,9,5,0
Hugo Govea,--,--,--,,0,1,0
Justin Governale,--,145 lbs.,--,,5,5,0
Damian Grabowski,"6' 1""",241 lbs.,"75.0""",Orthodox,20,5,0
Patryk Grabowski,--,205 lbs.,--,,5,1,0
Royce Gracie,"6' 1""",175 lbs.,--,Southpaw,15,2,3
Crosley Gracie,"5' 9""",190 lbs.,--,Orthodox,2,2,0
Daniel Gracie,"6' 2""",225 lbs.,--,Orthodox,5,4,1
Ralph Gracie,"5' 9""",183 lbs.,--,Orthodox,6,1,0
Renzo Gracie,"5' 10""",185 lbs.,--,Orthodox,13,7,1
Rickson Gracie,"5' 10""",185 lbs.,--,Switch,11,0,0
Rodrigo Gracie,"6' 0""",183 lbs.,--,Orthodox,6,2,1
Royler Gracie,"5' 8""",150 lbs.,--,Southpaw,5,5,1
Ryan Gracie,"5' 9""",200 lbs.,--,Orthodox,5,2,0
Ralek Gracie,"6' 2""",210 lbs.,--,Orthodox,3,1,0
Rolles Gracie,"6' 4""",242 lbs.,--,Orthodox,8,4,0
Cesar Gracie,"5' 10""",181 lbs.,--,Orthodox,0,1,0
Roger Gracie,"6' 4""",185 lbs.,"79.0""",Orthodox,8,2,0
Igor Gracie,"5' 11""",170 lbs.,--,,5,4,0
Neiman Gracie,"6' 0""",170 lbs.,--,,6,0,0
Kron Gracie,"5' 9""",145 lbs.,"70.0""",Southpaw,5,3,0
Bogdan Grad,"5' 8""",145 lbs.,"70.0""",Orthodox,15,2,0
Steven Graham,"6' 1""",290 lbs.,--,Orthodox,2,1,0
Scott Graham,"6' 4""",185 lbs.,--,Orthodox,3,1,0
Miranda Granger,"5' 7""",115 lbs.,"68.0""",Orthodox,7,3,0
TJ Grant,"5' 10""",155 lbs.,"72.0""",Orthodox,21,5,0
Davey Grant,"5' 8""",135 lbs.,"69.0""",Orthodox,16,7,0
Dwight Grant,"6' 1""",185 lbs.,"76.0""",Switch,11,6,0
Alexa Grasso,"5' 5""",125 lbs.,"66.0""",Orthodox,16,4,1
Tony Gravely,"5' 5""",135 lbs.,"69.0""",Orthodox,23,9,0
Michael Graves,"5' 10""",170 lbs.,"71.0""",Orthodox,6,0,1
Shelton Graves,"6' 2""",255 lbs.,"76.0""",Southpaw,7,3,0
James Gray,"5' 9""",135 lbs.,--,Orthodox,4,1,0
Kevin Gray,"5' 4""",125 lbs.,"67.0""",Orthodox,9,4,0
Sam Greco,"6' 2""",205 lbs.,--,Orthodox,3,1,1
King Green,"5' 10""",155 lbs.,"71.0""",Orthodox,32,17,1
Desmond Green,"5' 10""",155 lbs.,"73.0""",Southpaw,23,8,0
Gabe Green,"5' 10""",155 lbs.,"73.0""",Switch,11,5,0
Maurice Greene,"6' 7""",258 lbs.,"80.0""",Orthodox,9,7,0
Matt Grice,"5' 8""",145 lbs.,"70.0""",Orthodox,15,5,0
Forrest Griffin,"6' 3""",205 lbs.,"77.0""",Orthodox,19,7,0
Tyson Griffin,"5' 6""",145 lbs.,"68.0""",Orthodox,16,8,0
Max Griffin,"5' 11""",170 lbs.,"76.0""",Orthodox,20,11,0
Jordan Griffin,"5' 10""",145 lbs.,"73.0""",Southpaw,18,9,0
Chad Griggs,"6' 1""",205 lbs.,"73.0""",Orthodox,11,3,0
Charalampos Grigoriou,"5' 7""",135 lbs.,"67.0""",Orthodox,8,5,0
Chuck Grigsby,"6' 6""",205 lbs.,--,Orthodox,23,10,0
Rodrigo Gripp de Sousa,"5' 11""",205 lbs.,--,Orthodox,7,9,0
Maxim Grishin,"6' 3""",205 lbs.,"78.0""",Orthodox,32,10,2
Josh Grispi,"5' 11""",145 lbs.,"74.0""",Orthodox,14,5,0
Garrett Gross,"5' 9""",155 lbs.,--,Orthodox,11,7,0
Kendall Grove,"6' 6""",185 lbs.,"79.0""",Orthodox,23,17,0
Neil Grove,"6' 6""",265 lbs.,--,Orthodox,12,8,1
Chris Gruetzemacher,"5' 8""",155 lbs.,"68.0""",Orthodox,15,5,0
Vik Grujic,"5' 11""",170 lbs.,"73.0""",Orthodox,6,6,0
Mike Grundy,"5' 7""",145 lbs.,"72.0""",Orthodox,12,4,0
Wang Guan,"5' 9""",145 lbs.,"71.0""",Orthodox,20,1,1
Nandor Guelmino,"6' 3""",230 lbs.,--,,11,5,1
Fabricio Guerreiro,"5' 10""",145 lbs.,--,,21,5,0
Rainn Guerrero,"5' 6""",125 lbs.,"65.0""",Orthodox,5,2,0
Shannon Gugerty,"5' 10""",155 lbs.,"71.0""",Orthodox,15,7,0
Clay Guida,"5' 7""",155 lbs.,"70.0""",Orthodox,38,22,0
Jason Guida,"5' 10""",214 lbs.,--,,19,28,0
Melvin Guillard,"5' 9""",155 lbs.,"71.0""",Orthodox,32,18,2
Chris Guillen,"6' 0""",240 lbs.,--,Orthodox,13,16,0
Marcelo Guimaraes,"6' 0""",185 lbs.,"73.0""",Orthodox,9,2,1
Leonardo Guimaraes,"6' 0""",185 lbs.,--,Orthodox,11,5,0
Brad Gumm,"5' 11""",170 lbs.,--,Orthodox,10,6,1
John Gunderson,"5' 9""",155 lbs.,"69.0""",Orthodox,35,16,2
John Gunther,"5' 9""",155 lbs.,"72.0""",Orthodox,5,1,0
Jorge Gurgel,"5' 7""",155 lbs.,"69.0""",Orthodox,14,10,0
Fabio Gurgel,"6' 0""",205 lbs.,--,Orthodox,3,2,0
Luis Gurule,"5' 5""",125 lbs.,"64.0""",Orthodox,10,0,0
Bogdan Guskov,"6' 3""",205 lbs.,"76.0""",Orthodox,17,3,0
Gugun Gusman,"5' 7""",135 lbs.,"68.0""",Orthodox,8,4,0
Andre Gusmao,"6' 0""",205 lbs.,--,Orthodox,6,3,0
Alexander Gustafsson,"6' 5""",205 lbs.,"79.0""",Orthodox,18,8,0
Andreas Gustafsson,"6' 1""",170 lbs.,"73.0""",Orthodox,11,2,0
Justin Guthrie,"6' 1""",170 lbs.,--,,18,9,0
Horacio Gutierrez,"5' 10""",145 lbs.,--,,4,3,0
Chris Gutierrez,"5' 9""",135 lbs.,"67.0""",Orthodox,21,6,2
Mando Gutierrez,"5' 6""",135 lbs.,"70.0""",Southpaw,7,2,0
Mike Guymon,"6' 0""",170 lbs.,"74.0""",Orthodox,15,6,1
Chelsea Hackett,"5' 4""",125 lbs.,"66.0""",Switch,3,1,1
Keith Hackney,"5' 11""",200 lbs.,--,Sideways,2,2,0
Cody Haddon,"5' 7""",135 lbs.,"69.0""",Orthodox,8,1,0
Jake Hadley,"5' 7""",135 lbs.,"70.0""",Southpaw,11,4,0
Steve Hadsel,"5' 8""",170 lbs.,--,,3,0,0
Damir Hadzovic,"5' 9""",155 lbs.,"70.0""",Orthodox,14,8,0
Bassil Hafez,"5' 11""",170 lbs.,"72.0""",Orthodox,9,4,1
Tim Hague,"6' 4""",260 lbs.,"76.0""",Orthodox,21,13,0
Yazan Hajeh,"5' 9""",145 lbs.,--,Orthodox,6,1,0
Stoney Hale,"6' 0""",--,--,,5,3,0
Kevin Haley,"6' 2""",205 lbs.,--,,6,4,0
Mark Hall,"6' 0""",190 lbs.,--,Orthodox,5,6,0
Uriah Hall,"6' 0""",185 lbs.,"79.0""",Orthodox,18,11,0
Ryan Hall,"5' 10""",145 lbs.,"70.0""",Southpaw,9,2,0
Dennis Hallman,"5' 9""",155 lbs.,"72.0""",Orthodox,53,20,2
Piotr Hallmann,"5' 9""",155 lbs.,"71.0""",Orthodox,18,6,0
Tony Halme,"6' 3""",300 lbs.,--,Orthodox,0,4,0
Brandon Halsey,"6' 0""",185 lbs.,--,,9,3,0
John Halverson,"5' 9""",155 lbs.,--,Southpaw,16,8,0
Seo Hee Ham,"5' 2""",115 lbs.,"62.0""",Southpaw,17,8,0
Frank Hamaker,--,--,--,,1,0,0
Kazuhiro Hamanaka,"6' 0""",185 lbs.,--,Southpaw,5,7,1
Rami Hamed,"6' 1""",170 lbs.,"71.0""",Orthodox,13,3,0
Matt Hamill,"6' 1""",205 lbs.,"76.0""",Orthodox,12,8,0
Jeremy Hamilton,--,185 lbs.,--,,9,2,0
Anthony Hamilton,"6' 5""",260 lbs.,"76.0""",Orthodox,15,9,0
CJ Hamilton,"5' 7""",125 lbs.,"68.0""",Switch,11,4,0
Jared Hamman,"6' 3""",185 lbs.,"75.0""",Orthodox,14,6,0
James Hammortree,"6' 3""",185 lbs.,--,Orthodox,6,3,0
Dean Hancock,--,155 lbs.,--,,2,1,0
Chad Hanekom,"6' 4""",185 lbs.,"74.0""",Orthodox,9,3,0
Joachim Hansen,"5' 7""",150 lbs.,--,Southpaw,23,14,1
Kay Hansen,"5' 2""",115 lbs.,"63.0""",Orthodox,7,6,0
Nasrat Haqparast,"5' 10""",155 lbs.,"72.0""",Southpaw,18,5,0
Shin Haraguchi,"5' 5""",145 lbs.,"68.0""",Switch,8,2,0
Janay Harding,--,135 lbs.,--,,2,3,0
Antoni Hardonk,"6' 4""",245 lbs.,"78.0""",Orthodox,8,6,0
George Hardwick,"5' 10""",155 lbs.,"72.0""",Orthodox,12,2,0
Dan Hardy,"6' 0""",170 lbs.,"74.0""",Orthodox,25,10,0
Veronica Hardy,"5' 4""",125 lbs.,"64.0""",Southpaw,9,5,1
Greg Hardy,"6' 5""",265 lbs.,"80.0""",Orthodox,7,5,0
Tobias Harila,--,--,--,,12,3,0
Baru Harn,--,265 lbs.,--,,1,2,0
Scott Harper,"6' 0""",185 lbs.,--,Orthodox,12,7,0
Josiah Harrell,"5' 7""",170 lbs.,"68.0""",Southpaw,7,0,0
Gerry Harris,"6' 8""",270 lbs.,--,Orthodox,1,4,0
Gerald Harris,"5' 11""",185 lbs.,"77.0""",Southpaw,23,5,0
Phil Harris,"5' 4""",125 lbs.,"65.0""",Orthodox,22,12,0
Walt Harris,"6' 5""",250 lbs.,"77.0""",Southpaw,13,10,0
Dhafir Harris,--,257 lbs.,--,,2,0,0
Trevor Harris,"5' 6""",145 lbs.,--,,2,2,0
Carlston Harris,"6' 0""",170 lbs.,"76.0""",Orthodox,19,7,0
Kayla Harrison,"5' 8""",135 lbs.,"66.0""",Southpaw,18,1,0
Collin Hart,"6' 1""",185 lbs.,--,Orthodox,6,3,1
Joey Hart,"6' 3""",170 lbs.,"79.0""",Orthodox,6,2,0
Dale Hartt,"5' 10""",155 lbs.,"69.0""",Orthodox,6,3,0
Luke Hartwig,--,--,--,,0,1,0
Clay Harvison,"6' 1""",170 lbs.,"74.0""",Orthodox,13,6,0
Hidehiko Hasegawa,"5' 9""",170 lbs.,--,,19,20,6
Chris Haseman,"5' 11""",205 lbs.,--,Orthodox,20,17,0
Takayo Hashi,"5' 4""",135 lbs.,--,Orthodox,15,6,1
Tomohiko Hashimoto,"6' 0""",250 lbs.,--,Orthodox,1,4,0
Justin Haskins,"5' 10""",170 lbs.,--,Orthodox,7,6,0
Hayder Hassan,"5' 10""",170 lbs.,--,,6,3,0
Ahmad Hassanzada,"6' 1""",155 lbs.,"75.0""",Orthodox,12,3,0
Daiki Hata,"5' 6""",139 lbs.,--,Orthodox,17,11,7
John Hathaway,"6' 1""",170 lbs.,"75.0""",Orthodox,17,2,0
Phil Hawes,"6' 0""",185 lbs.,"77.0""",Orthodox,12,6,0
Justin Hawes,"5' 11""",205 lbs.,--,,6,9,0
Chris Hawk,"6' 1""",205 lbs.,--,,5,10,0
Del Hawkins,"5' 5""",135 lbs.,--,Orthodox,22,17,0
Tommy Hayden,"5' 9""",145 lbs.,--,Southpaw,11,3,0
Mike Hayes,"6' 4""",230 lbs.,--,Orthodox,20,12,2
Ryan Hayes,--,--,--,,7,6,0
Gerric Hayes,"5' 10""",--,--,,8,11,0
Josh Haynes,"5' 9""",170 lbs.,--,Orthodox,14,11,0
Dustin Hazelett,"6' 1""",170 lbs.,"76.0""",Orthodox,12,7,0
James Head,"6' 1""",170 lbs.,"73.0""",Orthodox,9,4,0
Pat Healy,"6' 0""",155 lbs.,"72.0""",Orthodox,34,23,0
Ryan Healy,"6' 1""",155 lbs.,--,Orthodox,25,14,1
Spencer Hearns,"5' 11""",185 lbs.,--,,1,0,0
David Heath,"5' 11""",205 lbs.,"72.0""",Orthodox,18,7,0
Chris Heatherly,"5' 9""",155 lbs.,--,Orthodox,9,4,0
Jake Hecht,"6' 0""",170 lbs.,"73.0""",Orthodox,11,4,0
Nick Hein,"5' 6""",155 lbs.,"66.0""",Southpaw,14,5,0
Ian Heinisch,"5' 11""",185 lbs.,"72.0""",Orthodox,14,5,0
Marcin Held,"5' 9""",155 lbs.,"71.0""",Orthodox,23,7,0
Delson Heleno,"5' 11""",185 lbs.,--,Orthodox,29,10,0
Matt Helm,--,155 lbs.,--,,1,1,0
Elisha Helsper,"5' 6""",135 lbs.,--,Orthodox,0,4,0
Dan Henderson,"5' 11""",185 lbs.,"74.0""",Orthodox,32,15,0
Benson Henderson,"5' 9""",170 lbs.,"70.0""",Southpaw,24,7,0
Ron Henderson,"5' 10""",125 lbs.,--,,4,3,0
Josh Hendricks,"6' 2""",235 lbs.,--,Southpaw,19,11,0
Johny Hendricks,"5' 9""",185 lbs.,"69.0""",Southpaw,18,8,0
Cory Hendricks,"6' 3""",205 lbs.,--,Switch,3,1,0
Luis Henrique,"6' 2""",243 lbs.,"74.0""",Orthodox,10,5,0
Jose Henrique,"6' 3""",170 lbs.,"79.0""",Orthodox,5,1,0
Diego Henrique da Silva,"6' 2""",185 lbs.,--,Orthodox,8,4,0
Danny Henry,"6' 0""",145 lbs.,"73.0""",Orthodox,12,4,0
Victor Henry,"5' 7""",135 lbs.,"68.0""",Switch,24,7,0
TJ Hepburn,"5' 7""",155 lbs.,--,,4,2,0
Jai Herbert,"6' 1""",155 lbs.,"77.0""",Orthodox,13,6,1
Ed Herman,"6' 1""",205 lbs.,"77.0""",Orthodox,27,16,0
Dave Herman,"6' 4""",242 lbs.,"77.0""",Orthodox,22,6,0
Jack Hermansson,"6' 1""",185 lbs.,"77.0""",Orthodox,24,8,0
Noe Hernandez,--,--,--,Orthodox,5,5,0
Joe Hernandez,--,--,--,,0,1,0
Ramiro Hernandez,"5' 9""",135 lbs.,--,Orthodox,19,9,0
Alexander Hernandez,"5' 9""",155 lbs.,"72.0""",Orthodox,16,8,0
Anthony Hernandez,"6' 0""",185 lbs.,"75.0""",Orthodox,14,2,0
Nohelin Hernandez,"5' 10""",135 lbs.,"71.0""",Orthodox,9,4,0
Carlos Hernandez,"5' 8""",125 lbs.,"67.0""",Orthodox,10,4,0
Leslie Hernandez,"5' 3""",115 lbs.,"64.0""",Orthodox,4,2,0
Paul Herrera,"5' 10""",185 lbs.,--,Orthodox,1,1,0
Chris Herrera,"5' 10""",185 lbs.,--,,3,2,1
Geane Herrera,"5' 5""",125 lbs.,"66.0""",Orthodox,9,3,0
Alvaro Herrera Mendoza,"6' 0""",155 lbs.,"74.0""",Orthodox,9,6,0
Felice Herrig,"5' 4""",115 lbs.,"65.0""",Orthodox,14,10,0
Heath Herring,"6' 4""",250 lbs.,"78.0""",Orthodox,28,16,0
Jon Hess,"6' 7""",295 lbs.,--,,1,1,0
Clint Hester,"6' 2""",205 lbs.,"77.0""",Orthodox,11,6,0
Brandon Hester,"6' 1""",205 lbs.,--,,3,0,0
Jimy Hettes,"5' 9""",145 lbs.,"71.0""",Southpaw,11,3,0
Conor Heun,"5' 10""",155 lbs.,--,Orthodox,9,5,0
Marcus Hicks,"5' 6""",155 lbs.,"64.0""",Southpaw,10,4,0
Jay Hieron,"6' 0""",170 lbs.,"75.0""",Orthodox,23,7,0
Brady Hiestand,"5' 8""",135 lbs.,"71.0""",Orthodox,9,2,0
Lee Higgins,--,155 lbs.,--,,2,1,0
Jason High,"5' 8""",155 lbs.,"73.0""",Southpaw,21,6,0
Richie Hightower,"5' 8""",170 lbs.,--,Orthodox,8,4,0
Alex Higley,"5' 10""",145 lbs.,--,,4,3,0
Corey Hill,"6' 4""",155 lbs.,"80.0""",Orthodox,6,9,0
Isaiah Hill,"5' 10""",155 lbs.,--,,5,7,1
Angela Hill,"5' 3""",115 lbs.,"64.0""",Orthodox,18,14,0
Tyler Hill,"6' 3""",170 lbs.,--,Switch,8,2,0
Jamahal Hill,"6' 4""",205 lbs.,"79.0""",Southpaw,12,3,0
Kailan Hill,"6' 1""",185 lbs.,"77.0""",Southpaw,4,1,0
Branden Lee Hinkle,"6' 3""",235 lbs.,--,Orthodox,17,11,0
Hatsu Hioki,"5' 11""",145 lbs.,"73.0""",Orthodox,29,10,2
Alan Hiro,"5' 5""",135 lbs.,--,Orthodox,14,5,4
Kuniyoshi Hironaka,"5' 10""",168 lbs.,"70.0""",Orthodox,23,9,0
Mizuto Hirota,"5' 7""",155 lbs.,"67.0""",Orthodox,18,10,2
Yuji Hisamatsu,"5' 10""",185 lbs.,--,,16,22,6
An Tuan Ho,"5' 6""",125 lbs.,"66.0""",Switch,6,1,0
Kwan Ho Kwak,"5' 5""",135 lbs.,--,Switch,9,2,0
Matt Hobar,"5' 10""",135 lbs.,"70.0""",Southpaw,9,3,0
Bobby Hoffman,"6' 2""",245 lbs.,--,Orthodox,36,10,1
Chris Hofmann,"6' 0""",170 lbs.,"72.0""",Orthodox,9,2,0
Sam Hoger,"6' 2""",205 lbs.,--,Orthodox,10,4,0
Andrew Holbrook,"5' 11""",155 lbs.,"70.0""",Southpaw,12,3,0
Sean Holden,"5' 10""",170 lbs.,--,,5,2,0
Chris Holdsworth,"5' 11""",135 lbs.,--,,6,0,0
Kevin Holland,"6' 3""",170 lbs.,"81.0""",Orthodox,27,13,0
Roger Hollett,"5' 11""",205 lbs.,--,Orthodox,13,5,0
Max Holloway,"5' 11""",145 lbs.,"69.0""",Orthodox,26,8,0
Gabrielle Holloway,"5' 3""",145 lbs.,--,,6,5,0
Jeremie Holloway,"6' 0""",170 lbs.,--,,8,3,0
Holly Holm,"5' 8""",135 lbs.,"69.0""",Southpaw,15,7,0
Rex Holman,"6' 3""",205 lbs.,--,Southpaw,4,2,0
Joseph Holmes,"6' 4""",185 lbs.,"80.0""",Orthodox,8,4,0
Kurt Holobaugh,"5' 11""",155 lbs.,"70.0""",Orthodox,22,9,0
Paddy Holohan,"5' 10""",125 lbs.,"69.0""",Orthodox,12,2,1
Ben Holscher,"5' 11""",155 lbs.,--,,4,0,0
Mark Holst,"6' 0""",155 lbs.,--,Orthodox,12,6,0
Scott Holtzman,"5' 9""",155 lbs.,"69.0""",Orthodox,14,6,0
Sabah Homasi,"6' 0""",170 lbs.,"72.0""",Orthodox,11,8,0
Mark Hominick,"5' 8""",145 lbs.,"68.0""",Orthodox,20,12,0
Barb Honchak,"5' 4""",125 lbs.,"65.0""",Orthodox,10,4,0
Chris Honeycutt,"5' 10""",170 lbs.,"73.0""",,9,1,0
JunYoung Hong,"5' 9""",145 lbs.,"69.0""",Orthodox,13,8,1
SeongChan Hong,"5' 7""",155 lbs.,"69.0""",Orthodox,9,2,0
Satoshi Honma,"6' 1""",205 lbs.,--,Orthodox,4,6,3
David Hood,"6' 0""",200 lbs.,--,,1,3,0
Lorenzo Hood,"6' 3""",265 lbs.,"80.0""",Southpaw,14,5,0
Dan Hooker,"6' 0""",155 lbs.,"75.0""",Switch,24,12,0
Chase Hooper,"6' 1""",155 lbs.,"74.0""",Southpaw,15,3,1
Darrell Horcher,"5' 10""",155 lbs.,"70.0""",Southpaw,13,4,0
Moti Horenstein,"6' 4""",230 lbs.,--,Orthodox,1,6,0
Yoshinori Horie,"5' 8""",145 lbs.,"70.0""",Orthodox,8,2,0
Kyoji Horiguchi,"5' 5""",125 lbs.,"66.0""",Orthodox,19,2,0
Yuma Horiuchi,"5' 6""",125 lbs.,"67.0""",Switch,9,5,0
Jeremy Horn,"6' 1""",185 lbs.,"74.0""",Orthodox,91,22,5
Matt Horning,"5' 4""",125 lbs.,--,,20,25,0
Chris Horodecki,"5' 9""",155 lbs.,"69.0""",Orthodox,21,7,1
Jamey-Lyn Horth,"5' 7""",125 lbs.,"66.0""",Orthodox,7,2,0
Matt Horwich,"6' 1""",185 lbs.,--,Orthodox,30,25,1
John Hosman,"5' 10""",135 lbs.,--,Southpaw,18,8,1
Saeed Hosseini,--,--,--,,0,1,0
Jeff Hougland,"5' 7""",135 lbs.,"68.0""",Orthodox,10,6,0
Trey Houston,"5' 11""",185 lbs.,--,,11,4,0
Jamie Houston,--,185 lbs.,--,,3,0,0
Brian Houston,"6' 2""",185 lbs.,--,Orthodox,4,6,0
Harold Howard,"6' 2""",240 lbs.,--,Orthodox,1,3,0
John Howard,"5' 7""",170 lbs.,"72.0""",Orthodox,24,13,0
Shane Howell,"5' 8""",125 lbs.,--,Orthodox,13,10,0
Hu Yaozong,"6' 3""",185 lbs.,"72.0""",Orthodox,3,3,0
Carlos Huachin,"5' 4""",135 lbs.,"67.0""",Southpaw,10,5,1
Brady Huang,"5' 9""",135 lbs.,"69.0""",Orthodox,11,2,0
Yuele Huang,--,145 lbs.,--,,13,0,0
Huang Feier,"5' 5""",115 lbs.,"65.0""",Orthodox,14,8,0
Austin Hubbard,"5' 10""",155 lbs.,"71.0""",Orthodox,17,9,0
Collin Huckbody,"6' 3""",185 lbs.,"76.0""",Orthodox,8,2,0
Alex Huddleston,"6' 7""",254 lbs.,--,,6,2,0
Roger Huerta,"5' 9""",155 lbs.,"70.0""",Orthodox,23,9,1
Casey Huffman,"6' 3""",185 lbs.,--,,3,1,0
Matt Hughes,"5' 9""",170 lbs.,"73.0""",Switch,45,9,0
Mark Hughes,"5' 9""",205 lbs.,--,Southpaw,6,2,0
Jeff Hughes,"6' 2""",250 lbs.,"77.0""",Orthodox,10,4,0
Sam Hughes,"5' 5""",115 lbs.,"64.0""",Orthodox,10,6,0
Victor Hugo,"5' 7""",135 lbs.,"71.0""",Orthodox,25,5,0
David Hulett,"5' 10""",170 lbs.,--,,22,10,0
Dominik Humburger,--,185 lbs.,--,,8,1,0
Bryan Humes,--,265 lbs.,--,,6,2,0
Abongo Humphrey,"5' 11""",205 lbs.,--,Orthodox,7,3,0
Harry Hunsucker,"6' 2""",205 lbs.,"75.0""",Orthodox,7,6,0
Mark Hunt,"5' 10""",265 lbs.,"72.0""",Orthodox,13,14,1
Alex Hunter,"5' 9""",226 lbs.,--,Orthodox,2,0,0
Adam Hunter,"6' 1""",185 lbs.,--,Orthodox,7,1,0
Joe Hurley,"5' 8""",155 lbs.,--,,12,5,0
Solomon Hutcherson,"5' 11""",185 lbs.,--,Southpaw,11,7,0
Young Hwang,"5' 9""",135 lbs.,--,,8,5,0
Al Iaquinta,"5' 10""",155 lbs.,"70.0""",Orthodox,14,7,1
Khadis Ibragimov,"6' 3""",205 lbs.,"78.0""",Orthodox,8,4,0
Minoki Ichihara,"5' 7""",178 lbs.,--,Orthodox,0,1,0
Dan Ige,"5' 7""",145 lbs.,"71.0""",Orthodox,18,9,0
Valeri Ignatov,"5' 9""",170 lbs.,--,Orthodox,1,2,0
Sergey Ignatov,"5' 9""",210 lbs.,--,Orthodox,0,1,0
Fabiano Iha,"5' 8""",155 lbs.,--,Orthodox,9,5,0
Seichi Ikemoto,"5' 11""",168 lbs.,--,Orthodox,21,19,5
Mikhail Iloukhine,"5' 9""",205 lbs.,--,Orthodox,30,11,1
Zelim Imadaev,"6' 0""",170 lbs.,"76.0""",Orthodox,8,3,0
Yusuke Imamura,"5' 8""",220 lbs.,--,Orthodox,2,6,0
Masakazu Imanari,"5' 4""",139 lbs.,--,Southpaw,36,16,2
Nassourdine Imavov,"6' 3""",185 lbs.,"75.0""",Orthodox,16,4,0
Brad Imes,"6' 7""",265 lbs.,--,Orthodox,13,7,0
Michael Imperato,"5' 7""",135 lbs.,"66.0""",Switch,12,7,0
Chris Indich,"5' 10""",170 lbs.,--,,6,4,0
Chris Inman,--,--,--,,1,0,0
Guto Inocente,"6' 3""",205 lbs.,--,Orthodox,7,4,0
Enson Inoue,"5' 10""",210 lbs.,--,Orthodox,12,8,0
Egan Inoue,"5' 9""",190 lbs.,--,Southpaw,13,8,0
Katsuya Inoue,"5' 9""",168 lbs.,--,Southpaw,19,9,4
Takeshi Inoue,"5' 8""",145 lbs.,--,,23,10,0
Naoki Inoue,"5' 9""",125 lbs.,"71.0""",Orthodox,11,1,0
Jorge Interiano,"6' 1""",205 lbs.,--,,4,3,0
Jason Ireland,"5' 9""",161 lbs.,--,Southpaw,19,9,1
James Irvin,"6' 2""",205 lbs.,"75.0""",Orthodox,17,10,0
Eric Irvin,"5' 8""",155 lbs.,--,,11,4,0
Issa Isakov,"5' 9""",155 lbs.,"70.0""",Orthodox,10,3,0
Mitsuhiro Ishida,"5' 6""",154 lbs.,--,Southpaw,20,8,1
Teruto Ishihara,"5' 7""",135 lbs.,"69.0""",Southpaw,10,7,2
Satoshi Ishii,"5' 11""",240 lbs.,--,Orthodox,15,8,1
Yuki Ishikawa,"5' 11""",205 lbs.,--,Orthodox,0,2,0
Eiji Ishikawa,"5' 10""",170 lbs.,--,,29,24,3
Tokimitsu Ishizawa,"6' 0""",185 lbs.,--,Orthodox,1,5,1
Damir Ismagulov,"5' 10""",155 lbs.,"74.0""",Orthodox,24,3,0
Wallid Ismail,"5' 7""",205 lbs.,--,Orthodox,9,3,0
Leandro Issa,"5' 7""",135 lbs.,"69.0""",Orthodox,13,6,0
Blagoy Ivanov,"5' 11""",250 lbs.,"73.0""",Southpaw,19,6,0
Anthony Ivy,"6' 2""",185 lbs.,"74.0""",Orthodox,8,4,0
Tomomi Iwama,"5' 3""",155 lbs.,--,Orthodox,9,6,2
Tatsuya Iwasaki,"5' 9""",205 lbs.,--,Orthodox,0,1,0
Taiga Iwasaki,"6' 1""",185 lbs.,"73.0""",Orthodox,9,2,0
Saygid Izagakhmaev,--,170 lbs.,--,,22,2,0
Yoislandy Izquierdo,"5' 11""",155 lbs.,--,Southpaw,10,4,0
Hiroshi Izumi,--,205 lbs.,--,Orthodox,4,2,0
Yves Jabouin,"5' 7""",135 lbs.,"68.0""",Orthodox,20,11,0
Kevin Jackson,"5' 10""",199 lbs.,--,Switch,4,2,0
Eugene Jackson,"5' 8""",185 lbs.,--,Orthodox,15,9,1
Quinton Jackson,"6' 1""",205 lbs.,"73.0""",Orthodox,37,12,0
Jeremy Jackson,"5' 10""",170 lbs.,--,Orthodox,9,5,0
Damon Jackson,"5' 11""",155 lbs.,"71.0""",Switch,23,8,1
Kenyon Jackson,"6' 0""",185 lbs.,--,,4,3,0
Mike Jackson,"6' 2""",170 lbs.,"74.0""",Orthodox,1,2,0
Jason Jackson,"6' 1""",170 lbs.,"78.0""",Orthodox,7,2,0
Montel Jackson,"5' 10""",135 lbs.,"75.0""",Southpaw,14,2,0
Eric Jacob,--,155 lbs.,--,,1,9,0
Richard Jacobi,"6' 4""",260 lbs.,"75.0""",Orthodox,6,1,1
Dustin Jacoby,"6' 3""",205 lbs.,"76.0""",Orthodox,20,9,1
Justin James,"5' 10""",155 lbs.,--,Orthodox,13,7,0
Nate James,"6' 0""",185 lbs.,--,,14,8,1
Virna Jandiroba,"5' 3""",115 lbs.,"64.0""",Orthodox,21,3,0
Ryan Janes,"6' 3""",185 lbs.,"76.0""",Orthodox,10,3,0
Josh Janousek,"5' 11""",185 lbs.,--,Orthodox,8,1,0
Dave Jansen,"5' 9""",155 lbs.,"73.0""",Orthodox,20,4,0
Jaime Jara,"6' 1""",205 lbs.,--,Southpaw,38,18,0
Gigo Jara,"5' 9""",145 lbs.,--,,6,9,0
Keith Jardine,"6' 2""",185 lbs.,"76.0""",Orthodox,17,11,2
Brock Jardine,"5' 11""",170 lbs.,--,Orthodox,12,6,0
Josh Jarvis,--,--,--,,1,4,0
Rony Jason,"5' 7""",145 lbs.,"73.0""",Orthodox,14,7,0
Jasmine Jasudavicius,"5' 7""",125 lbs.,"68.0""",Orthodox,13,3,0
Louis Jauregui,"5' 7""",170 lbs.,--,,4,2,0
Yazmin Jauregui,"5' 3""",115 lbs.,"64.0""",Orthodox,11,2,0
Justin Jaynes,"5' 7""",145 lbs.,"68.0""",Orthodox,16,8,0
Joanna Jedrzejczyk,"5' 6""",115 lbs.,"65.0""",Orthodox,16,5,0
Aaron Jeffery,"6' 2""",185 lbs.,"73.0""",Orthodox,10,3,0
Trent Jenkins,"6' 2""",185 lbs.,--,,0,4,0
Bubba Jenkins,"5' 7""",145 lbs.,--,,11,4,0
Adrienna Jenkins,"5' 8""",145 lbs.,--,,19,6,0
Brandon Jenkins,"6' 0""",155 lbs.,"71.0""",Switch,15,9,0
Jack Jenkins,"5' 7""",145 lbs.,"68.0""",Switch,13,4,0
Steve Jennum,"5' 10""",215 lbs.,--,Orthodox,2,3,0
Ryan Jensen,"6' 1""",185 lbs.,"76.0""",Orthodox,21,8,0
Kyle Jensen,"5' 9""",170 lbs.,--,Orthodox,4,11,2
Chan-Mi Jeon,"5' 5""",115 lbs.,--,Orthodox,5,2,0
Maciej Jewtuszko,"6' 0""",155 lbs.,--,Southpaw,12,3,0
Ronald Jhun,"5' 11""",170 lbs.,--,Orthodox,24,26,2
Baergeng Jieleyisi,"5' 9""",135 lbs.,"70.0""",Orthodox,18,6,0
Gilbert Jimenez,--,155 lbs.,--,,8,12,1
Art Jimmerson,"6' 1""",196 lbs.,--,Orthodox,0,1,0
Ryan Jimmo,"6' 1""",205 lbs.,"73.0""",Orthodox,19,5,0
Jinensibieke Asikeerbai,"5' 6""",155 lbs.,"69.0""",Orthodox,36,11,0
 Jiniushiyue,"5' 6""",125 lbs.,"68.0""",Southpaw,13,4,0
Sung Bin Jo,"6' 0""",145 lbs.,"72.0""",Orthodox,9,1,0
Carls John De Tomas,"5' 5""",125 lbs.,"71.0""",Southpaw,6,2,0
Phil Johns,"5' 2""",170 lbs.,--,Southpaw,30,14,1
Brett Johns,"5' 7""",135 lbs.,"71.0""",Orthodox,17,2,0
Miles Johns,"5' 7""",145 lbs.,"66.0""",Orthodox,15,3,0
Anthony Johnson,"6' 2""",205 lbs.,"78.0""",Orthodox,22,6,0
DaMarques Johnson,"6' 1""",170 lbs.,"75.0""",Orthodox,15,15,0
Devin Johnson,--,--,--,,1,1,1
Travis Johnson,--,205 lbs.,--,,0,1,0
Ricky Johnson,"5' 8""",145 lbs.,--,Orthodox,10,6,0
Tony Johnson,"6' 2""",205 lbs.,"76.0""",Orthodox,7,2,0
Lavar Johnson,"6' 4""",240 lbs.,"82.0""",Orthodox,18,10,0
Demetrious Johnson,"5' 3""",125 lbs.,"66.0""",Orthodox,27,3,1
Michael Johnson,"5' 10""",155 lbs.,"73.0""",Southpaw,24,19,0
Deshaun Johnson,--,167 lbs.,--,,6,9,0
Kajan Johnson,"5' 11""",155 lbs.,"75.0""",Orthodox,23,13,1
Dashon Johnson,"5' 7""",145 lbs.,--,Orthodox,9,2,0
Timothy Johnson,"6' 3""",265 lbs.,"77.0""",Southpaw,12,4,0
Tony Johnson,"6' 1""",265 lbs.,--,,11,3,0
Jordan Johnson,"6' 2""",205 lbs.,"79.0""",Orthodox,10,0,0
Taylor Johnson,"6' 0""",185 lbs.,"74.0""",Switch,5,1,0
Chad Johnson,"6' 2""",230 lbs.,"80.0""",Orthodox,6,2,0
Jose Johnson,"6' 0""",125 lbs.,"71.0""",Orthodox,16,10,0
Charles Johnson,"5' 9""",125 lbs.,"70.0""",Switch,17,7,0
Brian Johnston,"6' 3""",230 lbs.,--,Orthodox,5,5,0
Liana Jojua,"5' 4""",125 lbs.,"62.0""",Orthodox,8,5,0
Daniel Jolly,"6' 1""",205 lbs.,"75.0""",Orthodox,5,3,0
Paul Jones,"5' 9""",199 lbs.,--,Orthodox,11,1,1
Jon Jones,"6' 4""",248 lbs.,"84.0""",Orthodox,28,1,0
Nathan Jones,"6' 11""",345 lbs.,--,Orthodox,0,1,0
Marcus Jones,"6' 6""",265 lbs.,--,Orthodox,4,2,0
Carlton Jones,"6' 1""",225 lbs.,--,Orthodox,1,4,0
Jesse Jones,"5' 9""",170 lbs.,--,,2,1,0
Tito Jones,"5' 8""",145 lbs.,--,Southpaw,11,8,0
Roy Jones,--,205 lbs.,--,,7,5,0
Justin Jones,"5' 11""",185 lbs.,--,Orthodox,9,2,0
Ben Jones,--,185 lbs.,--,,4,4,0
Victor Jones,--,145 lbs.,--,,1,3,0
Chris Jones,"5' 9""",149 lbs.,--,,10,5,0
Roshaun Jones,"5' 8""",135 lbs.,--,,2,6,0
Jamelle Jones,"6' 0""",205 lbs.,"75.0""",Orthodox,7,5,0
Antonio Jones,"5' 11""",185 lbs.,--,Orthodox,6,1,0
Trevin Jones,"5' 7""",135 lbs.,"70.0""",Southpaw,13,10,0
Mason Jones,"5' 10""",155 lbs.,"74.0""",Orthodox,11,2,0
Craig Jones,--,205 lbs.,--,,0,0,0
Jacobi Jones,"5' 9""",155 lbs.,"72.0""",Orthodox,6,2,0
Jocelyn Jones-Lybarger,"5' 7""",115 lbs.,"64.0""",Orthodox,6,4,0
Kevin Jordan,"6' 3""",245 lbs.,--,Orthodox,11,9,0
Joe Jordan,"5' 6""",155 lbs.,--,Orthodox,49,14,2
Shawn Jordan,"6' 0""",260 lbs.,"75.0""",Southpaw,19,8,0
Ivan Jorge,"5' 9""",155 lbs.,"73.0""",Orthodox,27,7,0
Scott Jorgensen,"5' 5""",135 lbs.,"66.0""",Orthodox,15,12,0
Gareth Joseph,--,205 lbs.,--,,9,5,0
Dwight Joseph,"5' 6""",135 lbs.,--,Switch,5,0,0
Jeff Joslin,"6' 0""",170 lbs.,--,Orthodox,5,3,0
Krzysztof Jotko,"6' 1""",185 lbs.,"77.0""",Southpaw,24,6,0
Alan Jouban,"6' 0""",170 lbs.,"73.0""",Southpaw,17,7,0
Charles Jourdain,"5' 9""",135 lbs.,"69.0""",Switch,16,8,1
Kevin Jousset,"6' 2""",170 lbs.,"75.0""",Orthodox,10,4,0
Mike Joy,"5' 6""",155 lbs.,--,Southpaw,11,8,0
Dustin Joynson,"6' 6""",244 lbs.,"78.0""",Orthodox,5,0,0
Tony Juarez,--,155 lbs.,--,,1,12,0
Jesse Juarez,"6' 1""",170 lbs.,--,Orthodox,23,12,0
Ernie Juarez,"5' 8""",145 lbs.,"70.0""",,8,1,0
Anshul Jubli,"6' 0""",155 lbs.,"69.0""",Switch,7,2,0
Carli Judice,"5' 7""",125 lbs.,"68.0""",Southpaw,4,2,0
Steve Judson,"5' 11""",230 lbs.,--,Orthodox,0,2,0
Luke Jumeau,"5' 11""",170 lbs.,"72.0""",Orthodox,13,5,0
Bu-Kyung Jung,"5' 7""",154 lbs.,--,Orthodox,0,4,0
Chan Sung Jung,"5' 7""",145 lbs.,"72.0""",Orthodox,17,8,0
Young Sam Jung,"5' 8""",139 lbs.,--,Orthodox,4,8,0
Da Woon Jung,"6' 4""",205 lbs.,"78.0""",Orthodox,15,6,1
Scott Junk,"6' 1""",265 lbs.,--,Orthodox,8,3,1
Myles Jury,"5' 10""",145 lbs.,"73.0""",Orthodox,17,4,0
Cristiane Justino,"5' 8""",145 lbs.,"68.0""",Orthodox,21,2,0
Patrick Kaase,"5' 9""",185 lbs.,--,,1,2,0
Emily Kagan,"5' 3""",115 lbs.,--,,3,3,0
Oron Kahlon,"5' 8""",135 lbs.,"70.0""",Orthodox,16,1,0
 Kaiwen,"5' 9""",145 lbs.,"72.0""",Switch,12,6,0
Sirwan Kakai,"5' 5""",135 lbs.,--,Orthodox,12,5,0
Saidyokub Kakhramonov,"5' 8""",135 lbs.,"69.0""",Orthodox,10,3,0
Geza Kalman,"6' 1""",200 lbs.,--,,4,9,0
Bryson Kamaka,"5' 11""",170 lbs.,--,Orthodox,12,20,1
Kai Kamaka,"5' 7""",145 lbs.,"69.0""",Orthodox,8,4,1
Shuya Kamikubo,"5' 5""",135 lbs.,"68.0""",Switch,13,2,1
Martin Kampmann,"6' 0""",170 lbs.,"72.0""",Orthodox,20,7,0
Koya Kanda,"5' 9""",145 lbs.,"75.0""",Southpaw,12,5,0
Bharat Kandare,"5' 7""",135 lbs.,"72.0""",Orthodox,5,3,0
Hiromitsu Kanehara,"5' 10""",200 lbs.,--,Orthodox,19,27,5
Masanori Kanehara,"5' 7""",135 lbs.,"67.0""",Orthodox,26,12,5
Ken Kaneko,"6' 0""",161 lbs.,--,Orthodox,0,3,0
Denis Kang,"5' 11""",185 lbs.,"77.0""",Orthodox,35,16,2
Kyung Ho Kang,"5' 9""",135 lbs.,"73.0""",Orthodox,19,11,0
Manel Kape,"5' 5""",125 lbs.,"68.0""",Southpaw,21,7,0
David Kaplan,"5' 7""",155 lbs.,--,Orthodox,3,4,0
Kai Kara-France,"5' 4""",125 lbs.,"69.0""",Orthodox,25,11,0
Georgi Karakhanyan,"5' 8""",145 lbs.,--,,26,7,1
Alex Karalexis,"5' 8""",155 lbs.,"66.0""",Orthodox,10,6,0
Ernesta Kareckaite,"5' 9""",125 lbs.,"71.0""",Orthodox,6,1,1
Impa Kasanganay,"5' 11""",170 lbs.,"75.0""",Orthodox,9,2,0
Jinnosuke Kashimura,"5' 7""",155 lbs.,"71.0""",Southpaw,4,2,0
Nadia Kassem,"5' 5""",125 lbs.,"66.0""",Southpaw,5,2,0
Yusuke Kasuya,"5' 7""",155 lbs.,--,Southpaw,9,3,0
Tetsuji Kato,--,155 lbs.,--,Orthodox,20,10,0
Hisaki Kato,"6' 0""",185 lbs.,--,,8,2,0
Brad Katona,"5' 6""",135 lbs.,"64.0""",Orthodox,16,4,0
Calvin Kattar,"5' 11""",145 lbs.,"72.0""",Orthodox,23,9,0
Sarah Kaufman,"5' 5""",135 lbs.,"66.0""",Orthodox,18,4,0
Lone'er Kavanagh,"5' 4""",125 lbs.,"67.0""",Orthodox,9,0,0
Yusuke Kawaguchi,"6' 0""",255 lbs.,--,,18,12,0
Canaan Kawaihae,"6' 0""",145 lbs.,"71.0""",Southpaw,6,2,0
Tatsuya Kawajiri,"5' 7""",145 lbs.,"69.0""",Orthodox,36,11,2
Ryo Kawamura,"5' 11""",205 lbs.,--,Orthodox,18,9,4
Masuto Kawana,"5' 6""",145 lbs.,"69.0""",Orthodox,10,4,0
Doug Kay,--,--,--,,0,0,0
Toshiomi Kazama,"5' 7""",135 lbs.,"69.0""",Orthodox,11,4,0
Julie Kedzie,"5' 5""",135 lbs.,--,Orthodox,16,13,0
Ryan Keenan,"5' 10""",170 lbs.,--,,6,2,0
CJ Keith,"6' 0""",155 lbs.,--,Orthodox,8,4,0
Chris Kelades,"5' 7""",125 lbs.,"68.0""",Orthodox,9,3,0
Brian Kelleher,"5' 6""",135 lbs.,"66.0""",Switch,24,16,0
Mayana Kellem,"5' 5""",135 lbs.,--,Orthodox,7,1,0
Tony Kelley,"5' 9""",135 lbs.,"70.0""",Switch,8,3,0
Paul Kelly,"5' 9""",155 lbs.,"70.0""",Orthodox,14,5,0
John Kelly,"5' 9""",170 lbs.,--,,5,4,0
Daniel Kelly,"6' 0""",185 lbs.,"70.0""",Southpaw,13,4,0
Tim Kennedy,"5' 11""",185 lbs.,"74.0""",Orthodox,18,6,0
Steve Kennedy,"5' 11""",170 lbs.,--,Orthodox,24,8,0
Jeremy Kennedy,"5' 11""",145 lbs.,"71.0""",Orthodox,11,1,0
Waylon Kennell,"6' 0""",185 lbs.,--,,6,2,0
Casey Kenney,"5' 7""",135 lbs.,"68.0""",Southpaw,16,4,1
Maimaitituoheti Keremuaili,"5' 6""",135 lbs.,"66.0""",Orthodox,26,11,0
Aurelijus Kerpe,--,--,--,Orthodox,11,22,0
Mark Kerr,"6' 3""",266 lbs.,--,Switch,15,11,0
Will Kerr,"5' 10""",155 lbs.,"69.0""",Orthodox,9,3,0
Ron Keslar,--,185 lbs.,--,,11,9,0
Rustam Khabilov,"5' 8""",155 lbs.,"73.0""",Orthodox,24,4,0
Adam Khaliev,"6' 0""",170 lbs.,--,Orthodox,6,0,0
Sergey Khandozhko,"6' 1""",170 lbs.,"74.0""",Orthodox,28,6,1
Sergei Kharitonov,"6' 0""",245 lbs.,--,Orthodox,26,6,0
Alfred Khashakyan,"5' 8""",135 lbs.,"70.0""",Orthodox,8,3,0
Aliaskhab Khizriev,"5' 9""",185 lbs.,"74.0""",Southpaw,14,0,0
WonBin Ki,"5' 11""",155 lbs.,"73.0""",Orthodox,18,9,0
Pannie Kianzad,"5' 7""",135 lbs.,"66.0""",Orthodox,17,9,0
Akira Kikuchi,"5' 8""",155 lbs.,--,Orthodox,16,4,0
Katsunori Kikuno,"5' 8""",145 lbs.,"66.0""",Orthodox,24,8,2
Sanae Kikuta,"5' 9""",200 lbs.,--,Orthodox,31,9,3
Jacob Kilburn,"5' 9""",145 lbs.,"72.0""",Orthodox,8,4,0
Dong Hyun Kim,"6' 2""",170 lbs.,"76.0""",Southpaw,22,4,1
Jin Oh Kim,"5' 9""",205 lbs.,--,Orthodox,0,4,0
Dae Won Kim,"5' 11""",180 lbs.,--,Orthodox,11,7,0
Jong Wang Kim,"6' 1""",240 lbs.,--,,13,23,0
Jong Won Kim,"5' 7""",139 lbs.,--,Orthodox,0,1,0
Min Soo Kim,"6' 1""",255 lbs.,--,Southpaw,3,7,0
Jong Man Kim,"5' 7""",139 lbs.,--,Orthodox,23,11,3
Ji Yeon Kim,"5' 7""",125 lbs.,"72.0""",Orthodox,9,7,2
MinWoo Kim,"5' 8""",135 lbs.,"72.0""",Orthodox,10,2,0
HanSeul Kim,"6' 1""",170 lbs.,"73.0""",Southpaw,13,6,0
KyeungPyo Kim,"5' 9""",155 lbs.,"71.0""",Orthodox,11,4,0
Sangwook Kim,"6' 0""",155 lbs.,"72.0""",Orthodox,9,3,0
SangWon Kim,"5' 9""",145 lbs.,"69.0""",Orthodox,10,6,1
KyuSung Kim,"5' 11""",125 lbs.,"69.0""",Orthodox,12,6,0
So Yul Kim,--,115 lbs.,--,,8,1,0
Jeremy Kimball,"6' 0""",205 lbs.,"72.0""",Switch,15,8,0
Rob Kimmons,"5' 10""",185 lbs.,"73.0""",Orthodox,25,9,0
Dustin Kimura,"5' 7""",135 lbs.,"71.0""",Orthodox,11,3,0
Taiei Kin,"5' 11""",185 lbs.,--,Orthodox,6,3,0
Mike King,"6' 3""",185 lbs.,--,,5,1,0
Kyle Kingsbury,"6' 4""",205 lbs.,"79.0""",Orthodox,11,6,0
Yusaku Kinoshita,"6' 0""",170 lbs.,"71.0""",Southpaw,6,3,0
Kamuela Kirk,"5' 10""",155 lbs.,"75.0""",Switch,12,6,0
Yurij Kiseliov,"5' 8""",185 lbs.,--,Orthodox,5,4,0
Justine Kish,"5' 5""",125 lbs.,"64.0""",Orthodox,7,4,0
Koji Kitao,"6' 7""",350 lbs.,--,Southpaw,1,2,0
Satoru Kitaoka,"5' 6""",154 lbs.,--,,40,14,9
Top Noi Kiwram,"5' 5""",125 lbs.,"67.0""",Southpaw,9,5,0
Ludovit Klein,"5' 7""",155 lbs.,"72.0""",Southpaw,23,4,1
Nick Klein,"6' 1""",185 lbs.,"77.0""",Orthodox,6,2,0
Seth Kleinbeck,"6' 2""",185 lbs.,--,,8,4,0
Stefan Klever,--,185 lbs.,--,Orthodox,6,1,0
Fatima Kline,"5' 6""",115 lbs.,"67.0""",Orthodox,7,1,0
Felix Klinkhammer,"6' 0""",170 lbs.,--,,7,0,0
Drakkar Klose,"5' 9""",155 lbs.,"70.0""",Orthodox,15,3,1
Michael Knaap,"6' 2""",220 lbs.,--,Orthodox,18,22,3
Kevin Knabjian,"5' 10""",170 lbs.,--,Orthodox,12,7,1
Jason Knight,"5' 10""",145 lbs.,"71.0""",Orthodox,20,5,0
William Knight,"5' 10""",205 lbs.,"73.0""",Orthodox,11,5,0
Josefine Knutsson,"5' 3""",115 lbs.,"60.0""",Orthodox,8,1,0
Seokhyeon Ko,"5' 10""",170 lbs.,"71.0""",Southpaw,11,2,0
Isao Kobayashi,"5' 8""",145 lbs.,--,,21,4,4
Kelly Kobold,"5' 6""",135 lbs.,--,Orthodox,19,3,1
Erik Koch,"5' 10""",170 lbs.,"71.0""",Southpaw,16,6,0
Sokun Koh,"6' 1""",205 lbs.,--,,4,1,0
Shingo Kohara,"5' 6""",135 lbs.,--,,1,0,0
Brad Kohler,"5' 9""",220 lbs.,--,Orthodox,12,15,0
Charlie Kohler,"5' 9""",155 lbs.,--,Orthodox,8,4,1
Tsuyoshi Kohsaka,"5' 11""",225 lbs.,--,Orthodox,27,19,2
Kaloyan Kolev,"6' 2""",205 lbs.,"73.0""",Orthodox,10,1,0
John Kolosci,"5' 11""",185 lbs.,--,Orthodox,15,9,0
Yuki Kondo,"5' 11""",183 lbs.,--,Southpaw,60,33,9
Syuri Kondo,"5' 4""",115 lbs.,"66.0""",Orthodox,6,3,0
Cheick Kongo,"6' 4""",240 lbs.,"82.0""",Orthodox,27,10,2
Andrei Kopylov,"6' 2""",265 lbs.,--,Orthodox,6,11,0
Roman Kopylov,"6' 0""",185 lbs.,"75.0""",Southpaw,14,3,0
Bruno Korea,"5' 6""",135 lbs.,"65.0""",,7,3,0
Andrey Koreshkov,"6' 0""",170 lbs.,--,,19,2,0
Josh Koscheck,"5' 10""",170 lbs.,"73.0""",Orthodox,17,11,0
Steven Koslow,"5' 7""",125 lbs.,"69.0""",Switch,6,1,0
Naoyuki Kotani,"5' 8""",155 lbs.,"66.0""",Southpaw,34,14,7
Ilya Kotau,--,170 lbs.,--,,1,2,0
Iouri Kotchkine,"6' 2""",235 lbs.,--,Orthodox,7,4,1
Matt Kovacs,"6' 0""",244 lbs.,--,Orthodox,12,16,0
Marcus Kowal,--,135 lbs.,--,,3,1,1
Karolina Kowalkiewicz,"5' 3""",115 lbs.,"64.0""",Orthodox,16,9,0
Steve Kozola,--,155 lbs.,--,,8,0,0
Derrick Krantz,"5' 10""",170 lbs.,"72.0""",Orthodox,22,12,0
James Krause,"6' 2""",170 lbs.,"73.0""",Orthodox,28,9,0
Pascal Krauss,"6' 1""",170 lbs.,--,Orthodox,11,2,0
Rene Kronvold,"5' 8""",170 lbs.,--,Orthodox,5,1,0
Kaynan Kruschewsky,"6' 0""",155 lbs.,"73.0""",Orthodox,15,3,0
Jorgen Kruth,"6' 2""",205 lbs.,--,,5,0,0
Nikita Krylov,"6' 3""",205 lbs.,"77.0""",Orthodox,30,9,0
Mariusz Ksiazkiewicz,"6' 3""",185 lbs.,"75.0""",Southpaw,8,1,0
Junya Kudo,--,135 lbs.,--,Orthodox,10,7,2
John Kuhner,--,170 lbs.,--,,1,2,0
Michael Kuiper,"6' 0""",185 lbs.,"73.0""",Orthodox,15,5,0
Anton Kuivanen,"5' 8""",155 lbs.,"72.0""",Orthodox,24,10,0
Maiju Kujala,--,135 lbs.,--,,6,3,0
Sumit Kumar,"5' 5""",125 lbs.,"66.0""",Orthodox,8,1,0
Aleksei Kunchenko,"5' 8""",170 lbs.,"70.0""",Orthodox,20,2,0
Rizvan Kuniev,"6' 4""",240 lbs.,"76.0""",Orthodox,12,2,1
Keigo Kunihara,"6' 0""",235 lbs.,--,Orthodox,3,2,0
Kiichi Kunimoto,"5' 10""",170 lbs.,"71.0""",Orthodox,18,7,2
Leo Kuntz,"5' 10""",155 lbs.,--,Orthodox,18,4,1
Korey Kuppe,"6' 5""",170 lbs.,"77.0""",Switch,8,4,0
Ramazan Kuramagomedov,"6' 1""",170 lbs.,"73.0""",Orthodox,8,0,0
Tsuyoshi Kurihara,"5' 10""",185 lbs.,--,Orthodox,10,8,2
Eldari Kurtanidze,"5' 6""",235 lbs.,--,Orthodox,0,1,0
Kyle Kurtz,--,170 lbs.,--,,7,5,0
Guram Kutateladze,"5' 11""",155 lbs.,"72.0""",Orthodox,13,5,0
Vadym Kutsyi,"6' 0""",170 lbs.,"71.0""",Orthodox,17,2,0
Lina Kvokov,"5' 9""",135 lbs.,--,Orthodox,0,3,0
Kaleo Kwan,"5' 7""",155 lbs.,--,,11,16,0
Jarrod Kwitty,"5' 8""",185 lbs.,--,,2,2,0
Mike Kyle,"6' 4""",205 lbs.,"77.0""",Orthodox,22,14,1
Lisa Kyriacou,"5' 5""",125 lbs.,"64.0""",Orthodox,7,2,0
Achmed Labasanov,"6' 3""",215 lbs.,--,Orthodox,7,4,0
Josh LaBerge,"5' 10""",145 lbs.,--,,11,6,0
Jeremiah Labiano,"5' 10""",135 lbs.,--,,11,5,0
Daniel Lacerda,"5' 6""",125 lbs.,"70.0""",Switch,11,6,0
Luan Lacerda,"5' 7""",135 lbs.,"71.0""",Orthodox,12,3,0
Kemran Lachinov,--,170 lbs.,--,,3,2,0
Aspen Ladd,"5' 6""",135 lbs.,"66.0""",Orthodox,9,3,0
Ryan LaFlare,"6' 1""",170 lbs.,"74.0""",Southpaw,14,3,0
Corinne Laframboise,"5' 4""",125 lbs.,"65.0""",Orthodox,8,5,0
Ben Lagman,"6' 2""",185 lbs.,--,,6,5,0
Noad Lahat,"5' 9""",145 lbs.,"69.0""",Orthodox,11,2,0
Tina Lahdemaki,"5' 2""",115 lbs.,--,Orthodox,5,1,0
Yohan Lainesse,"6' 1""",170 lbs.,"76.0""",Orthodox,9,3,0
Tim Lajcik,"6' 1""",225 lbs.,--,Orthodox,7,6,1
Todd Lally,"5' 7""",145 lbs.,--,Orthodox,2,1,0
Sean Lally,"6' 0""",170 lbs.,--,Orthodox,7,3,0
Ricardo Lamas,"5' 8""",145 lbs.,"71.0""",Orthodox,20,8,0
Jason Lambert,"6' 3""",185 lbs.,"75.0""",Orthodox,26,13,0
Jose Landi-Jons,"5' 11""",170 lbs.,--,Orthodox,29,16,0
Nate Landwehr,"5' 9""",145 lbs.,"72.0""",Orthodox,18,6,0
Austen Lane,"6' 6""",245 lbs.,"80.0""",Orthodox,13,6,0
Aaron Lanfranco,--,155 lbs.,--,,5,1,0
Jeremy Lang,"5' 11""",205 lbs.,--,Southpaw,21,2,0
Lionel Lanham,--,205 lbs.,--,,5,1,0
Lina Lansberg,"5' 7""",135 lbs.,"65.0""",Orthodox,10,8,0
Taylor Lapilus,"5' 6""",135 lbs.,"73.0""",Southpaw,21,4,0
Chad Laprise,"5' 10""",170 lbs.,"71.0""",Orthodox,13,4,0
Anthony Lapsley,"5' 9""",170 lbs.,--,Southpaw,23,7,0
TJ Laramie,"5' 6""",145 lbs.,"66.0""",Orthodox,12,5,0
Icho Larenas,"6' 3""",235 lbs.,--,Orthodox,6,5,0
Lorenz Larkin,"5' 11""",170 lbs.,"72.0""",Orthodox,18,6,0
Jeremy Larsen,"5' 10""",145 lbs.,"70.0""",Orthodox,8,5,0
Brock Larson,"5' 11""",170 lbs.,"71.0""",Southpaw,42,10,0
Ryan Larson,--,170 lbs.,--,,6,2,0
Bobby Lashley,"6' 3""",255 lbs.,"78.0""",Orthodox,15,2,0
Ilir Latifi,"5' 10""",230 lbs.,"73.0""",Orthodox,17,9,0
Sione Latu,"6' 0""",215 lbs.,--,,1,0,0
Phillip Latu,"6' 3""",205 lbs.,"76.0""",Orthodox,6,2,0
Jenel Lausa,"5' 5""",125 lbs.,"68.0""",Orthodox,7,5,0
Joe Lauzon,"5' 10""",155 lbs.,"71.0""",Orthodox,28,16,0
Dan Lauzon,"5' 10""",155 lbs.,--,Orthodox,17,6,0
Sandra Lavado,"5' 7""",115 lbs.,"66.0""",Orthodox,10,3,0
Chatt Lavender,"5' 8""",170 lbs.,--,,9,7,0
Muhammed Lawal,"6' 0""",205 lbs.,"78.0""",Southpaw,21,6,0
Robbie Lawler,"5' 11""",170 lbs.,"74.0""",Southpaw,30,16,0
Tom Lawlor,"6' 0""",205 lbs.,"74.0""",Southpaw,10,6,0
Justin Lawrence,"5' 8""",145 lbs.,"67.0""",Orthodox,10,4,0
Lance Lawrence,"6' 1""",145 lbs.,"74.0""",Orthodox,4,1,0
Ronnie Lawrence,"5' 8""",135 lbs.,"68.0""",Switch,8,2,0
Eric Lawson,"6' 0""",185 lbs.,--,Orthodox,9,5,0
Jimmy Lawson,"6' 0""",265 lbs.,"77.0""",Orthodox,4,2,0
Valmir Lazaro,"6' 0""",155 lbs.,"73.0""",Orthodox,15,5,0
Zviad Lazishvili,"5' 6""",135 lbs.,"69.0""",Orthodox,13,1,0
Mounir Lazzez,"6' 1""",170 lbs.,"76.0""",Orthodox,11,3,0
Cung Le,"5' 9""",185 lbs.,"70.0""",Southpaw,9,3,0
Thanh Le,"5' 9""",145 lbs.,"74.0""",Orthodox,6,1,0
Quang Le,"5' 6""",135 lbs.,"70.0""",Orthodox,8,2,0
Carlos Leal,"5' 11""",170 lbs.,"74.0""",Orthodox,22,6,0
Jordan Leavitt,"5' 9""",155 lbs.,"71.0""",Southpaw,11,3,0
Jerome LeBanner,"6' 3""",265 lbs.,--,Southpaw,3,2,0
Chris Leben,"5' 11""",185 lbs.,"73.0""",Southpaw,22,11,0
Mickael Lebout,"5' 11""",155 lbs.,"73.0""",Orthodox,16,7,1
Stephen Ledbetter,"5' 9""",145 lbs.,--,Orthodox,8,3,0
Justin Ledet,"6' 4""",205 lbs.,"80.0""",Orthodox,9,4,0
James Lee,"5' 11""",205 lbs.,--,Southpaw,15,3,0
David Lee,"5' 10""",155 lbs.,--,Orthodox,12,10,0
Jackie Lee,--,--,--,,0,1,0
Eun Soo Lee,"6' 1""",215 lbs.,--,Orthodox,17,4,0
Tae Hyun Lee,"6' 6""",295 lbs.,--,Orthodox,1,2,0
Tommy Lee,"5' 7""",145 lbs.,--,Orthodox,25,6,0
Matt Lee,"5' 11""",155 lbs.,--,Orthodox,14,10,1
Imani Lee,--,--,--,Orthodox,2,4,0
Vaughan Lee,"5' 6""",125 lbs.,"66.0""",Orthodox,14,13,1
Kevin Lee,"5' 9""",170 lbs.,"77.0""",Orthodox,18,8,0
Rocky Lee,"5' 9""",145 lbs.,--,Orthodox,3,2,0
Andrea Lee,"5' 6""",125 lbs.,"69.0""",Orthodox,13,11,0
JeongYeong Lee,"5' 10""",145 lbs.,"73.0""",Orthodox,11,2,0
JungHyun Lee,"5' 5""",125 lbs.,"65.0""",Orthodox,8,1,0
ChangHo Lee,"5' 8""",135 lbs.,"69.0""",Orthodox,10,1,0
Ricky Legere Jr.,"5' 8""",170 lbs.,--,,14,4,0
Sherron Leggett,"5' 8""",155 lbs.,--,Southpaw,21,6,0
Cheyden Leialoha,"5' 8""",135 lbs.,"73.0""",Orthodox,6,0,0
Claudia Leite,"5' 3""",135 lbs.,"64.0""",Orthodox,8,3,0
Thales Leites,"6' 1""",185 lbs.,"78.0""",Orthodox,28,9,0
Stefan Leko,"6' 2""",215 lbs.,--,Orthodox,0,3,0
Gabe Lemley,"5' 8""",155 lbs.,--,Orthodox,13,9,0
Amanda Lemos,"5' 4""",115 lbs.,"65.0""",Southpaw,15,4,1
Giacomo Lemos,"6' 3""",247 lbs.,"75.0""",Orthodox,6,0,0
Christophe Leninger,"6' 0""",200 lbs.,--,Southpaw,3,4,0
Jesse Lennox,"5' 9""",170 lbs.,"72.0""",Orthodox,14,4,0
Jean Francois Lenogue,"6' 0""",185 lbs.,--,Orthodox,16,17,3
Nik Lentz,"5' 8""",145 lbs.,"68.0""",Orthodox,30,12,2
Alberta Cerra Leon,"5' 8""",238 lbs.,--,,0,1,0
Victoria Leonardo,"5' 5""",125 lbs.,"64.0""",Orthodox,9,7,0
Anthony Leone,"5' 6""",135 lbs.,--,Orthodox,15,8,0
Chad Leonhardt,"6' 0""",170 lbs.,--,,9,4,0
Kimo Leopoldo,"6' 3""",235 lbs.,--,Orthodox,10,7,1
Michael Lerma,--,--,--,,0,1,0
Lukasz Les,--,170 lbs.,--,,8,3,0
Brock Lesnar,"6' 3""",265 lbs.,"81.0""",Orthodox,5,3,0
Frank Lester,"5' 11""",170 lbs.,--,Orthodox,11,6,0
Valerie Letourneau,"5' 7""",115 lbs.,"68.0""",Orthodox,8,6,0
Leah Letson,"5' 7""",145 lbs.,"71.0""",Southpaw,5,3,0
Justin Levens,"5' 11""",185 lbs.,--,Orthodox,10,7,0
Marcus LeVesseur,"5' 9""",155 lbs.,"70.0""",Southpaw,22,7,0
David Levicki,"6' 5""",275 lbs.,--,,1,3,0
Kyle Levinton,--,--,--,,0,3,0
Natan Levy,"5' 9""",155 lbs.,"71.0""",Southpaw,8,2,0
John Lewis,"6' 0""",155 lbs.,--,Southpaw,3,4,3
Derrick Lewis,"6' 3""",260 lbs.,"79.0""",Orthodox,28,12,0
Bevon Lewis,"6' 3""",185 lbs.,"79.0""",Orthodox,7,3,0
Brandon Lewis,"5' 4""",135 lbs.,"70.0""",Orthodox,6,2,0
Malik Lewis,"6' 0""",155 lbs.,"75.0""",Orthodox,6,2,0
Chi Lewis-Parry,"6' 9""",243 lbs.,--,,7,0,1
Li Jingliang,"6' 0""",170 lbs.,"71.0""",Orthodox,19,9,0
Li Yunfeng,"5' 8""",135 lbs.,"68.0""",Orthodox,9,5,0
Liang Na,"5' 5""",125 lbs.,"67.0""",Orthodox,19,8,0
Jess Liaudin,"5' 9""",170 lbs.,"72.0""",Orthodox,20,11,0
Chuck Liddell,"6' 2""",205 lbs.,"76.0""",Orthodox,21,8,0
Rodrigo Lidio,"5' 11""",155 lbs.,"73.0""",Orthodox,12,3,0
Sam Liera,--,--,--,,12,10,0
Zach Light,"5' 8""",170 lbs.,--,Orthodox,9,11,0
Scott Lighty,"6' 2""",205 lbs.,--,,6,2,0
Chris Liguori,"5' 9""",185 lbs.,--,Orthodox,15,10,0
Donnie Liles,"5' 9""",170 lbs.,--,Orthodox,17,7,0
Jae Suk Lim,"5' 9""",170 lbs.,--,Orthodox,17,6,0
Hyun Gyu Lim,"6' 3""",170 lbs.,"77.0""",Orthodox,13,7,1
Juliana Lima,"5' 5""",115 lbs.,"65.0""",Orthodox,9,5,0
Dhiego Lima,"6' 2""",170 lbs.,"75.0""",Orthodox,17,9,0
Douglas Lima,"6' 1""",170 lbs.,--,,29,6,0
Mabelly Lima,"5' 2""",135 lbs.,--,Orthodox,7,1,0
Andre Lima,"5' 7""",125 lbs.,"67.0""",Orthodox,11,0,0
Felipe Lima,"5' 6""",145 lbs.,"68.0""",Orthodox,14,1,0
Miguel Linares,--,--,--,,2,4,0
Emiliano Linares,"5' 8""",145 lbs.,"72.0""",Orthodox,8,2,0
Matt Lindland,"6' 0""",185 lbs.,"74.0""",Southpaw,22,9,0
Jake Lindsey,"5' 11""",155 lbs.,--,Switch,12,7,0
John Lineker,"5' 3""",135 lbs.,"67.0""",Orthodox,31,9,0
Austin Lingo,"5' 10""",145 lbs.,"70.0""",Orthodox,9,3,0
Lucio Linhares,"6' 2""",185 lbs.,--,Orthodox,19,8,0
Philipe Lins,"6' 2""",205 lbs.,"78.0""",Orthodox,18,5,0
Tainara Lisboa,"5' 7""",135 lbs.,"67.0""",Orthodox,7,2,0
Dean Lister,"6' 1""",185 lbs.,"75.0""",Orthodox,13,7,0
Wesley Little,"6' 4""",205 lbs.,--,,4,8,0
James Llontop,"6' 0""",155 lbs.,"73.0""",Orthodox,14,5,0
Abner Lloveras,"5' 11""",155 lbs.,--,,20,9,1
Brian Lo-A-Njoe,"5' 7""",155 lbs.,--,Orthodox,6,10,3
John Lober,"5' 11""",199 lbs.,--,Orthodox,5,9,4
Artem Lobov,"5' 9""",145 lbs.,"65.0""",Southpaw,13,15,1
Dylan Lockard,"5' 9""",145 lbs.,"72.0""",Orthodox,6,2,0
Ryan Loder,"6' 2""",185 lbs.,"76.0""",Southpaw,8,1,0
Sean Loeffler,"6' 3""",185 lbs.,--,Orthodox,31,5,0
Christian Lohsen,"6' 2""",155 lbs.,"77.0""",Southpaw,4,2,0
David Loiseau,"6' 0""",185 lbs.,"76.0""",Orthodox,23,11,0
Hector Lombard,"5' 9""",185 lbs.,"71.0""",Southpaw,34,10,1
Michael Lombardo,"6' 0""",170 lbs.,"72.0""",Orthodox,11,2,0
Rocky Long,--,145 lbs.,--,,21,37,1
Thomas Longacre,"5' 9""",145 lbs.,--,Orthodox,6,1,0
Loma Lookboonmee,"5' 1""",115 lbs.,"61.0""",Orthodox,9,3,0
Ange Loosa,"5' 10""",170 lbs.,"74.0""",Orthodox,10,4,0
Lucas Lopes,"6' 2""",185 lbs.,--,,29,19,0
Dileno Lopes,"5' 5""",135 lbs.,--,,19,3,0
Diego Lopes,"5' 11""",145 lbs.,"72.0""",Orthodox,26,6,0
Bruno Lopes,"6' 2""",205 lbs.,"74.0""",Orthodox,14,1,0
Arthur Lopes,"6' 2""",234 lbs.,"77.0""",Southpaw,6,2,0
Ivan Lopez,"5' 6""",135 lbs.,--,Southpaw,14,3,1
Steve Lopez,"5' 11""",155 lbs.,--,Orthodox,13,6,1
Federico Lopez,"5' 4""",139 lbs.,--,Orthodox,10,6,0
Jorge Lopez,"5' 10""",170 lbs.,--,Orthodox,11,5,0
Christopher Lopez,"5' 10""",170 lbs.,--,,9,1,0
Matthew Lopez,"5' 7""",135 lbs.,"69.0""",Southpaw,10,4,0
Benito Lopez,"5' 10""",135 lbs.,"73.0""",Switch,10,2,0
Gustavo Lopez,"5' 5""",135 lbs.,"67.0""",Orthodox,12,6,1
Brendan Loughnane,"5' 10""",145 lbs.,"70.0""",Switch,17,3,0
Nate Loughran,"6' 2""",185 lbs.,--,Orthodox,11,2,0
Caolan Loughran,"5' 6""",135 lbs.,"68.0""",Orthodox,10,2,0
Rashard Lovelace,--,155 lbs.,--,,4,1,0
Ian Loveland,"5' 8""",145 lbs.,--,Orthodox,18,10,0
Jakob Lovstad,"6' 3""",205 lbs.,--,Orthodox,11,4,0
Waylon Lowe,"5' 7""",145 lbs.,--,Southpaw,16,7,0
Brandon Lowe,--,155 lbs.,--,,2,1,0
Joe Lowry,"5' 11""",155 lbs.,"73.0""",Orthodox,9,2,0
Lu Kai,"5' 9""",145 lbs.,"69.0""",Orthodox,8,5,0
Lu Zhengyong,--,125 lbs.,--,,12,7,0
Robert Lucarelli,"6' 2""",245 lbs.,--,,0,1,0
Matt Lucas,"6' 1""",205 lbs.,--,,15,3,0
Cleber Luciano,"5' 6""",155 lbs.,--,,14,6,0
Stephanie Luciano,"5' 6""",115 lbs.,"65.0""",Orthodox,6,2,1
Iasmin Lucindo,"5' 3""",115 lbs.,"66.0""",Orthodox,17,6,0
Duane Ludwig,"5' 10""",170 lbs.,"70.0""",Orthodox,21,14,0
Mike Lullo,"5' 8""",145 lbs.,--,Orthodox,8,3,0
Paula Luna,"5' 2""",125 lbs.,"62.0""",Orthodox,5,3,0
Dalcha Lungiambula,"5' 8""",185 lbs.,"76.0""",Orthodox,11,6,0
Alexandru Lungu,"6' 0""",385 lbs.,--,Orthodox,14,4,0
Vicente Luque,"5' 11""",170 lbs.,"75.0""",Orthodox,23,10,1
Thaddeus Luster,"6' 3""",210 lbs.,--,,0,1,0
Travis Lutter,"5' 11""",185 lbs.,"75.0""",Orthodox,10,6,0
Joilton Lutterbach,"6' 1""",185 lbs.,"75.0""",Orthodox,38,9,0
Tucker Lutz,"5' 8""",145 lbs.,"72.0""",Orthodox,12,4,0
Lv Zhenhong,"5' 8""",145 lbs.,"67.0""",Switch,16,6,0
Stevie Lynch,"5' 10""",170 lbs.,--,Orthodox,5,2,0
Adam Lynn,"5' 10""",155 lbs.,--,Orthodox,17,10,0
Chris Lytle,"5' 11""",170 lbs.,"68.0""",Orthodox,31,18,5
Dong Hyun Ma,"5' 11""",155 lbs.,"70.0""",Orthodox,16,11,3
Pawan Maan,"5' 7""",155 lbs.,"70.0""",Orthodox,7,3,1
William Macario,"5' 11""",170 lbs.,"75.0""",Orthodox,9,3,0
Jason MacDonald,"6' 3""",185 lbs.,"80.0""",Orthodox,25,16,0
Rob MacDonald,"6' 3""",205 lbs.,"78.0""",Orthodox,5,4,0
Rory MacDonald,"6' 0""",170 lbs.,"76.0""",Orthodox,19,4,0
Ryan MacDonald,"5' 11""",135 lbs.,"71.0""",Switch,10,2,0
Clayton MacFarlane,--,170 lbs.,--,,4,1,0
Ilima Macfarlane,"5' 4""",125 lbs.,--,,6,0,0
Valesca Machado,"5' 4""",115 lbs.,"63.0""",Orthodox,8,3,0
Caio Machado,"6' 4""",250 lbs.,"78.0""",Southpaw,8,4,1
Ian Machado Garry,"6' 3""",170 lbs.,"74.0""",Orthodox,15,1,0
Lyoto Machida,"6' 1""",185 lbs.,"74.0""",Southpaw,24,8,0
War Machine,"5' 11""",170 lbs.,--,Orthodox,14,5,0
Anthony Macias,"5' 9""",185 lbs.,--,Switch,26,18,0
Pauline Macias,"5' 4""",115 lbs.,"64.0""",Southpaw,4,1,0
Reza Madadi,"5' 11""",155 lbs.,"73.0""",Orthodox,14,6,0
Don Madge,"6' 0""",155 lbs.,"72.0""",Southpaw,9,3,1
Ryan Madigan,"6' 0""",170 lbs.,--,Orthodox,5,3,0
Victor Madrigal,"5' 7""",135 lbs.,"71.0""",Orthodox,15,5,0
Jon Madsen,"6' 0""",240 lbs.,"72.0""",Orthodox,8,2,0
Mark Madsen,"5' 8""",155 lbs.,"72.0""",Orthodox,12,2,0
Yoshiro Maeda,"5' 7""",139 lbs.,"68.0""",Southpaw,35,16,5
Leonardo Mafra,"5' 10""",155 lbs.,"70.0""",Orthodox,13,4,0
Vinny Magalhaes,"6' 3""",205 lbs.,"75.0""",Orthodox,14,9,0
Vinicius Magalhaes,--,145 lbs.,--,,2,1,0
Caio Magalhaes,"6' 1""",185 lbs.,"73.0""",Orthodox,10,3,0
Bernardo Magalhaes,"5' 9""",155 lbs.,--,Orthodox,13,4,0
Eric Magana,--,--,--,,1,1,0
Brandon Magana,--,170 lbs.,--,Orthodox,6,2,0
Angela Magana,"5' 1""",115 lbs.,"65.0""",Orthodox,11,9,0
Neil Magny,"6' 3""",170 lbs.,"80.0""",Orthodox,29,14,0
Raimond Magomedaliev,"6' 1""",170 lbs.,"75.0""",Orthodox,10,2,0
Ibragim Magomedov,"6' 0""",250 lbs.,--,Orthodox,22,8,1
Rashid Magomedov,"5' 9""",155 lbs.,"70.0""",Orthodox,20,2,0
Ruslan Magomedov,"6' 3""",242 lbs.,"78.0""",Orthodox,14,1,0
Abus Magomedov,"6' 2""",185 lbs.,"78.0""",Orthodox,27,6,1
Shara Magomedov,"6' 2""",185 lbs.,"73.0""",Orthodox,15,1,0
Zabit Magomedsharipov,"6' 1""",145 lbs.,"73.0""",Orthodox,18,1,0
John Maguire,"5' 9""",155 lbs.,"69.0""",Southpaw,24,9,0
Lolohea Mahe,--,--,--,,10,4,1
Michelle Maher,--,145 lbs.,--,,1,2,0
 Maheshate,"6' 0""",155 lbs.,"71.0""",Orthodox,10,4,0
Bill Mahood,"6' 3""",200 lbs.,--,Orthodox,20,7,1
Klayton Mai,"5' 9""",125 lbs.,--,,8,3,0
Demian Maia,"6' 1""",170 lbs.,"72.0""",Southpaw,28,11,0
Jennifer Maia,"5' 4""",125 lbs.,"64.0""",Orthodox,21,10,1
Nayara Maia,"5' 5""",125 lbs.,"66.0""",Orthodox,7,1,1
Roshan Mainam,--,135 lbs.,--,,6,3,0
Levan Makashvili,"5' 8""",145 lbs.,"68.0""",Orthodox,15,2,1
John Makdessi,"5' 8""",155 lbs.,"68.0""",Orthodox,18,9,0
Islam Makhachev,"5' 10""",155 lbs.,"70.0""",Southpaw,27,1,0
Aliev Makhmud,"5' 6""",195 lbs.,--,Southpaw,0,1,0
Zach Makovsky,"5' 4""",125 lbs.,"64.0""",Southpaw,20,8,0
Azat Maksum,"5' 7""",125 lbs.,"70.0""",Southpaw,17,1,0
Jeremy Malaterre,"5' 11""",155 lbs.,--,,4,2,0
Fabio Maldonado,"6' 1""",205 lbs.,"75.0""",Orthodox,23,11,0
Marvin Maldonado,"5' 6""",135 lbs.,--,,2,4,0
Bea Malecki,"5' 9""",135 lbs.,"74.0""",Orthodox,4,1,0
Nazareno Malegarie,"5' 8""",155 lbs.,--,,28,4,0
Carl Malenko,"5' 11""",200 lbs.,--,Orthodox,6,4,0
Jacob Malkoun,"5' 9""",185 lbs.,"73.0""",Orthodox,8,3,0
Mike Malott,"6' 1""",170 lbs.,"73.0""",Orthodox,11,2,1
Dan Manasoiu,--,--,--,,0,0,0
Troy Mandaloniz,"5' 9""",170 lbs.,--,Orthodox,3,2,0
Nate Maness,"5' 10""",125 lbs.,"72.0""",Orthodox,16,3,0
Michael Mangan,--,155 lbs.,--,,0,3,0
Gary Mangat,"5' 7""",135 lbs.,--,,15,3,0
Melvin Manhoef,"5' 9""",185 lbs.,--,Orthodox,30,14,1
Melchor Manibusan,"5' 5""",154 lbs.,--,Southpaw,2,4,0
Jon Manley,"6' 1""",170 lbs.,--,Orthodox,9,4,0
Steve Mann,"6' 1""",170 lbs.,--,,12,5,0
Marnic Mann,"5' 0""",115 lbs.,"64.0""",Southpaw,6,3,0
Dylan Mantello,"6' 1""",155 lbs.,"73.0""",Orthodox,8,4,0
Chris Manuel,"5' 9""",135 lbs.,--,Orthodox,9,7,2
Jimi Manuwa,"6' 1""",205 lbs.,"79.0""",Orthodox,17,6,0
Cristiano Marcello,"5' 9""",155 lbs.,"72.0""",Orthodox,13,6,0
Daniel Marcos,"5' 7""",135 lbs.,"69.0""",Orthodox,17,0,0
Jose Maria,"5' 5""",125 lbs.,--,Orthodox,37,7,0
Marcos Mariano,"6' 1""",155 lbs.,"76.0""",Switch,6,6,0
Enrique Marin,"5' 10""",170 lbs.,--,,10,4,0
Chepe Mariscal,"5' 7""",145 lbs.,"69.0""",Orthodox,18,6,0
Ronny Markes,"6' 1""",185 lbs.,"75.0""",Orthodox,17,5,0
Rory Markham,"6' 0""",170 lbs.,"71.0""",Orthodox,17,6,0
Randa Markos,"5' 4""",115 lbs.,"63.0""",Orthodox,11,12,1
Christina Marks,"5' 7""",125 lbs.,"69.0""",Orthodox,8,9,0
Brendon Marotte,"5' 9""",145 lbs.,"70.0""",Orthodox,8,3,0
Nate Marquardt,"6' 0""",185 lbs.,"74.0""",Orthodox,35,19,2
Danilo Marques,"6' 6""",205 lbs.,"77.0""",Orthodox,11,4,0
Julian Marquez,"6' 2""",185 lbs.,"72.0""",Orthodox,9,6,0
Carmelo Marrero,"6' 0""",205 lbs.,"73.0""",Orthodox,16,6,0
Cesar Marscucci,--,--,--,,3,2,0
John Marsh,"6' 0""",265 lbs.,--,Orthodox,8,7,0
CJ Marsh,--,--,--,,5,7,0
Eliot Marshall,"6' 2""",205 lbs.,"77.0""",Orthodox,10,4,0
Doug Marshall,"5' 10""",205 lbs.,--,Orthodox,18,8,0
David Marshall,"6' 2""",170 lbs.,--,,8,4,0
Francis Marshall,"5' 9""",145 lbs.,"72.0""",Orthodox,8,3,0
Jack Marshman,"6' 0""",185 lbs.,"73.0""",Orthodox,23,10,0
Terry Martin,"5' 8""",185 lbs.,"71.0""",Orthodox,23,11,0
Eric Martin,--,--,--,,0,1,0
Justin Martin,"6' 0""",185 lbs.,--,,4,3,0
Dave Martin,"6' 0""",205 lbs.,--,,0,2,0
Joe Martin,"5' 9""",170 lbs.,--,,6,8,0
Anthony Rocco Martin,"6' 0""",170 lbs.,"73.0""",Orthodox,17,6,0
Mallory Martin,"5' 4""",115 lbs.,"63.0""",Orthodox,7,5,0
Michal Martinek,"6' 2""",230 lbs.,--,Southpaw,7,1,0
Rainy Martinez,"6' 0""",199 lbs.,--,Orthodox,0,2,0
Danny Martinez,"5' 6""",125 lbs.,"67.0""",Orthodox,21,8,0
Alonzo Martinez,"5' 10""",155 lbs.,--,,42,20,1
Henry Martinez,"5' 7""",155 lbs.,"69.0""",Southpaw,9,4,0
Jonathan Martinez,"5' 8""",135 lbs.,"70.0""",Southpaw,19,6,0
Poppies Martinez,"5' 9""",145 lbs.,--,,29,11,0
Andrew Martinez,"5' 9""",215 lbs.,--,,9,6,0
Mana Martinez,"5' 10""",135 lbs.,"70.0""",Orthodox,10,4,0
Victor Martinez,"5' 8""",155 lbs.,"70.0""",Orthodox,13,6,0
Roque Martinez,"5' 10""",250 lbs.,"72.0""",Orthodox,15,8,2
Melissa Martinez,"5' 2""",115 lbs.,"66.0""",Southpaw,8,1,0
Julieta Martinez,"5' 1""",115 lbs.,"62.0""",Orthodox,8,0,0
David Martinez,"5' 5""",135 lbs.,"67.0""",Orthodox,12,1,0
Wagner da Conceicao Martins,"6' 7""",390 lbs.,--,Orthodox,9,8,0
Adriano Martins,"5' 10""",155 lbs.,"72.0""",Southpaw,28,9,0
Lucas Martins,"6' 0""",145 lbs.,"72.0""",Southpaw,19,3,0
Max Martyniouk,--,155 lbs.,--,,1,1,0
Bristol Marunde,"6' 1""",170 lbs.,"75.0""",Orthodox,16,10,0
Shoji Maruyama,"5' 7""",139 lbs.,--,Orthodox,12,9,1
Kazuma Maruyama,"5' 11""",155 lbs.,"72.0""",Orthodox,11,7,0
Islem Masraf,"6' 0""",205 lbs.,"74.0""",Southpaw,3,1,0
Mike Massenzio,"6' 2""",185 lbs.,"73.0""",Southpaw,13,9,0
Jameel Massouh,"5' 10""",145 lbs.,"72.0""",Orthodox,26,9,0
Tiffany Masters,"5' 3""",115 lbs.,"65.0""",Orthodox,2,1,0
Jorge Masvidal,"5' 11""",170 lbs.,"74.0""",Orthodox,35,17,0
Al Matavao,"5' 8""",205 lbs.,"67.0""",Orthodox,8,3,0
Tateki Matsuda,"5' 7""",125 lbs.,--,Orthodox,13,8,0
Daijiro Matsui,"5' 9""",200 lbs.,--,Orthodox,13,29,7
Toki Matsui,"5' 6""",125 lbs.,"65.0""",Orthodox,6,1,0
Koichiro Matsumoto,"5' 7""",145 lbs.,--,,15,3,1
Jean Matsumoto,"5' 6""",135 lbs.,"68.0""",Orthodox,16,1,0
Koyomi Matsushima,"5' 7""",145 lbs.,"66.0""",Orthodox,13,6,0
Naoki Matsushita,"5' 6""",155 lbs.,--,Orthodox,12,16,11
AJ Matthews,"5' 11""",185 lbs.,--,,8,7,0
Jake Matthews,"5' 11""",170 lbs.,"73.0""",Orthodox,21,7,0
Connor Matthews,"5' 8""",145 lbs.,"71.0""",Switch,7,3,0
Claudio Mattos,--,185 lbs.,--,Orthodox,5,4,0
John Matua,"6' 2""",400 lbs.,--,Orthodox,1,4,0
Francesco Maturi,--,--,--,,0,1,0
Vladimir Matyushenko,"6' 0""",205 lbs.,"74.0""",Orthodox,27,8,0
Miranda Maverick,"5' 3""",125 lbs.,"65.0""",Southpaw,17,5,0
Nick Maximov,"6' 0""",185 lbs.,"76.0""",Southpaw,8,2,0
Elaina Maxwell,"5' 8""",145 lbs.,--,Orthodox,7,4,0
Jeremy May,"6' 1""",185 lbs.,--,,13,10,0
Jack May,"6' 8""",255 lbs.,--,Switch,9,3,0
Don'Tale Mayes,"6' 6""",260 lbs.,"81.0""",Orthodox,11,8,0
Gray Maynard,"5' 9""",155 lbs.,"70.0""",Orthodox,13,7,1
Brooke Mayo,"5' 7""",125 lbs.,--,,0,1,0
Gina Mazany,"5' 6""",125 lbs.,"68.0""",Southpaw,7,6,0
Sabina Mazo,"5' 7""",125 lbs.,"70.0""",Orthodox,9,4,0
Francesco Mazzeo,"6' 3""",205 lbs.,"75.0""",Orthodox,4,1,0
Scott McAfee,"5' 8""",155 lbs.,--,Orthodox,14,7,0
Bobby McAndrews,--,--,--,Orthodox,1,3,0
Michael McBride,"6' 1""",155 lbs.,--,Orthodox,8,3,0
Ian McCall,"5' 5""",125 lbs.,"64.0""",Orthodox,13,5,1
Molly McCann,"5' 4""",115 lbs.,"62.0""",Orthodox,14,8,0
Charles McCarthy,"5' 10""",185 lbs.,"71.0""",Orthodox,10,5,0
Eric McConico,"6' 0""",185 lbs.,"77.0""",Southpaw,9,3,1
Sean McCorkle,"6' 7""",265 lbs.,"81.0""",Orthodox,17,7,0
Danni McCormack,"5' 4""",125 lbs.,"62.0""",Southpaw,9,2,0
Kris McCray,"6' 0""",170 lbs.,"76.0""",Orthodox,8,5,0
Tamdan McCrory,"6' 4""",185 lbs.,"76.0""",Switch,14,5,0
Rob McCullough,"5' 9""",155 lbs.,"69.0""",Orthodox,19,8,0
Justin McCully,"6' 1""",225 lbs.,"73.0""",Orthodox,11,5,2
Robert McDaniel,"6' 3""",185 lbs.,"75.0""",Southpaw,28,10,0
Michael McDonald,"5' 11""",205 lbs.,--,Orthodox,1,1,0
Scott McDonald,--,--,--,,1,0,0
Michael McDonald,"5' 9""",135 lbs.,"70.0""",Orthodox,17,4,0
Josh McDonald,--,185 lbs.,--,,9,5,0
Miles McDonald,"5' 7""",115 lbs.,--,,2,1,0
Justin McElfresh,"6' 6""",205 lbs.,--,Orthodox,6,4,0
Drew McFedries,"6' 0""",185 lbs.,"72.0""",Southpaw,12,7,0
Liam McGeary,"6' 6""",205 lbs.,--,,12,2,0
Gan McGee,"6' 10""",265 lbs.,--,Orthodox,13,5,0
Court McGee,"5' 11""",170 lbs.,"75.0""",Orthodox,23,13,0
Marcus McGhee,"5' 8""",135 lbs.,"69.0""",Orthodox,10,1,0
Ryan McGillivray,"5' 11""",170 lbs.,--,,12,0,1
Ryan McGivern,"6' 0""",185 lbs.,--,Orthodox,13,7,0
Jack McGlaughlin,--,--,--,Orthodox,1,4,0
Conor McGregor,"5' 9""",155 lbs.,"74.0""",Southpaw,22,6,0
Greg McIntyre,"5' 10""",155 lbs.,--,Orthodox,6,4,0
Antonio McKee,"5' 8""",155 lbs.,--,Southpaw,29,6,2
AJ McKee,"5' 10""",145 lbs.,--,,8,0,0
Rhys McKee,"6' 2""",170 lbs.,"78.0""",Orthodox,13,6,1
Cory McKenna,"5' 3""",115 lbs.,"58.0""",Orthodox,8,4,0
Tim McKenzie,"6' 0""",185 lbs.,"74.0""",Orthodox,14,9,0
Cody McKenzie,"6' 0""",155 lbs.,"72.0""",Switch,16,10,0
Terrance McKinney,"5' 10""",155 lbs.,"73.0""",Switch,16,7,0
Brian McLaughlin,"5' 9""",155 lbs.,--,,6,2,0
Jason McLean,"5' 5""",145 lbs.,--,,6,7,0
Garreth McLellan,"6' 1""",185 lbs.,"72.0""",Southpaw,13,6,0
Sara McMann,"5' 6""",135 lbs.,"66.0""",Orthodox,13,6,0
Tommy McMillen,--,145 lbs.,--,,6,0,0
James McSweeney,"6' 4""",230 lbs.,"77.0""",Switch,15,15,0
Charles McTorry,--,--,--,,3,0,0
Daniel McWilliams,"6' 1""",185 lbs.,--,,15,37,0
Tim Means,"6' 2""",170 lbs.,"75.0""",Orthodox,33,17,1
Yancy Medeiros,"5' 10""",155 lbs.,"75.0""",Orthodox,15,8,0
Anistavio Medeiros,"5' 6""",145 lbs.,--,Orthodox,19,10,0
Kaline Medeiros,"5' 3""",115 lbs.,--,,8,5,0
MarQuel Mederos,"5' 10""",155 lbs.,"69.0""",Orthodox,10,1,0
Uros Medic,"6' 1""",170 lbs.,"71.0""",Southpaw,10,3,0
Todd Medina,"5' 10""",193 lbs.,--,Southpaw,11,9,0
Jason Medina,"5' 9""",180 lbs.,--,,21,15,1
Jose Daniel Medina,"6' 0""",185 lbs.,"74.0""",Orthodox,11,5,0
Emil Meek,"5' 11""",170 lbs.,"74.0""",Switch,9,5,1
Sanford Alton Meeks,"6' 5""",265 lbs.,"75.0""",Orthodox,1,1,0
Gerald Meerschaert,"6' 1""",185 lbs.,"77.0""",Southpaw,37,18,0
Frank Megallon,"5' 10""",185 lbs.,--,Southpaw,2,3,0
Derrick Mehmen,"6' 4""",205 lbs.,--,,19,9,0
Miika Mehmet,--,205 lbs.,--,Orthodox,3,5,0
Jordan Mein,"6' 0""",170 lbs.,"73.0""",Orthodox,31,12,0
Bryce Mejia,"6' 1""",170 lbs.,--,,3,1,0
Brian Melancon,"5' 8""",170 lbs.,--,Orthodox,7,3,0
Brandon Melendez,"5' 11""",155 lbs.,--,Southpaw,25,25,0
Gilbert Melendez,"5' 9""",145 lbs.,"73.0""",Orthodox,22,8,0
Nair Melikyan,"5' 6""",155 lbs.,--,,11,0,0
Marcelo Mello,"5' 7""",170 lbs.,--,Southpaw,1,0,0
Fabio Mello,"5' 5""",155 lbs.,--,Southpaw,11,8,0
Vanessa Melo,"5' 5""",135 lbs.,"65.0""",Orthodox,11,8,0
Antonio Mendes,"6' 3""",205 lbs.,"77.0""",Southpaw,18,13,0
Chad Mendes,"5' 6""",145 lbs.,"66.0""",Orthodox,18,5,0
Augusto Mendes,"5' 6""",135 lbs.,"65.0""",Orthodox,6,2,0
Eddie Mendez,"5' 10""",185 lbs.,--,,8,3,1
Mateus Mendonca,"5' 6""",125 lbs.,"71.0""",Orthodox,10,3,0
Luis Mendoza,--,155 lbs.,--,,0,1,0
Pietro Menga,"5' 7""",125 lbs.,"68.0""",Southpaw,13,0,0
Alonzo Menifield,"6' 0""",205 lbs.,"76.0""",Orthodox,16,5,1
Ivan Menjivar,"5' 6""",145 lbs.,"64.0""",Orthodox,25,12,0
Dave Menne,"5' 10""",170 lbs.,--,Orthodox,45,17,2
Steve Mensing,"5' 11""",185 lbs.,--,Orthodox,9,13,2
Buck Meredith,"6' 2""",185 lbs.,--,,3,3,0
Adam Meredith,"6' 2""",170 lbs.,--,,5,3,0
Nick Meregali,--,--,--,,0,0,0
Joe Merritt,"6' 0""",170 lbs.,--,Orthodox,7,2,0
Jeremiah Metcalf,"6' 1""",185 lbs.,--,Orthodox,13,7,0
Jonathan Meunier,"6' 3""",170 lbs.,--,Switch,8,1,0
Yaotzin Meza,"5' 9""",145 lbs.,"71.0""",Orthodox,21,11,0
Guy Mezger,"6' 1""",200 lbs.,--,Orthodox,30,14,2
Jonathan Micallef,"6' 0""",170 lbs.,"77.0""",Southpaw,8,1,0
Brandon Michaels,"5' 9""",185 lbs.,--,,4,14,0
Andreas Michailidis,"6' 0""",170 lbs.,"76.0""",Orthodox,13,6,0
David Michaud,"5' 9""",155 lbs.,--,Orthodox,11,3,0
Chris Mickle,"5' 9""",145 lbs.,--,Orthodox,30,21,2
Zachary Micklewright,"6' 0""",155 lbs.,"74.0""",Southpaw,15,3,0
Kristof Midoux,"6' 1""",220 lbs.,--,Orthodox,6,10,0
Keith Mielke,"5' 8""",185 lbs.,--,,0,5,0
Chris Mierzwiak,"6' 1""",185 lbs.,--,,5,3,0
Gabriel Miglioli,"5' 8""",170 lbs.,--,,9,9,0
Bojan Mihajlovic,"5' 11""",205 lbs.,"73.0""",Orthodox,10,6,0
Billy Miles,"5' 10""",170 lbs.,--,Orthodox,2,2,0
Pat Miletich,"5' 10""",170 lbs.,--,Orthodox,29,7,2
Curtis Millender,"6' 2""",170 lbs.,"76.0""",Orthodox,17,5,0
Phillip Miller,"5' 11""",185 lbs.,--,Orthodox,16,0,0
Jason Miller,"6' 1""",185 lbs.,--,Orthodox,23,10,0
Dan Miller,"6' 1""",185 lbs.,"74.0""",Orthodox,14,8,0
Jim Miller,"5' 8""",155 lbs.,"71.0""",Southpaw,38,18,0
Cole Miller,"6' 1""",145 lbs.,"73.0""",Orthodox,21,11,0
Henry Miller,"5' 7""",270 lbs.,--,Southpaw,6,16,0
Micah Miller,"6' 0""",145 lbs.,--,Orthodox,20,8,0
Aaron Miller,"5' 9""",145 lbs.,--,,14,10,0
Mo Miller,"5' 8""",135 lbs.,"72.0""",Orthodox,6,0,0
Juliana Miller,"5' 7""",125 lbs.,"66.0""",Orthodox,4,3,0
Eddy Millis,"6' 1""",185 lbs.,--,,0,2,0
Che Mills,"6' 1""",170 lbs.,"76.0""",Orthodox,16,10,0
Adam Milstead,"6' 3""",205 lbs.,"76.0""",Orthodox,8,4,0
Alberto Mina,"6' 0""",170 lbs.,"77.0""",Orthodox,13,1,0
Vitaly Minakov,"6' 2""",249 lbs.,--,,20,0,0
Darrick Minner,"5' 7""",145 lbs.,"69.0""",Orthodox,26,14,0
Mike Minniger,--,--,--,,0,0,0
Ikuhisa Minowa,"5' 9""",181 lbs.,--,Orthodox,60,42,8
Carlton Minus,"5' 10""",170 lbs.,"75.0""",Orthodox,10,3,0
Stipe Miocic,"6' 4""",240 lbs.,"80.0""",Orthodox,20,5,0
Frank Mir,"6' 3""",264 lbs.,"79.0""",Southpaw,18,11,0
Juan Miranda,--,155 lbs.,--,,7,5,0
Mario Miranda,"6' 3""",185 lbs.,"74.0""",Orthodox,14,7,0
Vitor Miranda,"6' 1""",185 lbs.,"77.0""",Orthodox,12,5,0
Gabriel Miranda,"5' 11""",145 lbs.,"71.0""",Orthodox,17,8,0
Damir Mirenic,"6' 0""",185 lbs.,--,Orthodox,9,4,0
Kazuo Misaki,"5' 8""",183 lbs.,--,Orthodox,25,11,2
Toby Misech,"5' 8""",145 lbs.,--,Southpaw,9,5,0
Dokonjonosuke Mishima,"5' 7""",155 lbs.,--,Southpaw,21,7,2
Felix Lee Mitchell,--,--,--,Orthodox,2,7,0
David Mitchell,"6' 0""",170 lbs.,"75.0""",Orthodox,22,7,0
Danny Mitchell,"6' 2""",170 lbs.,--,Orthodox,19,9,1
Brad Mitchell,"5' 11""",145 lbs.,--,,4,2,0
Clay Mitchell,"6' 2""",185 lbs.,--,,1,2,0
Bryce Mitchell,"5' 10""",145 lbs.,"70.0""",Southpaw,17,3,0
Maurice Mitchell,"5' 9""",145 lbs.,--,Orthodox,11,2,0
Terrence Mitchell,"5' 10""",135 lbs.,"74.0""",Orthodox,14,4,0
Roman Mitichyan,"5' 10""",170 lbs.,--,Orthodox,8,3,0
Matt Mitrione,"6' 3""",265 lbs.,"82.0""",Switch,12,5,0
Eiji Mitsuoka,"5' 7""",145 lbs.,--,Southpaw,18,9,2
Hiromitsu Miura,"5' 9""",170 lbs.,"71.0""",Orthodox,12,7,0
Jonathan Mix,"6' 0""",168 lbs.,--,,7,4,0
Tomoya Miyashita,"5' 7""",139 lbs.,--,Southpaw,17,9,7
Kazuyuki Miyata,"5' 8""",139 lbs.,--,Orthodox,15,9,0
Motoki Miyazawa,"5' 11""",168 lbs.,--,Southpaw,7,3,0
Takeya Mizugaki,"5' 7""",135 lbs.,"69.0""",Orthodox,21,11,2
 Mizuki,"5' 3""",115 lbs.,"65.0""",Orthodox,15,6,0
Tatsuya Mizuno,"6' 1""",205 lbs.,--,Southpaw,16,12,1
Roxanne Modafferi,"5' 7""",125 lbs.,"69.0""",Orthodox,25,21,0
Bobby Moffett,"5' 10""",145 lbs.,"73.0""",Orthodox,13,5,0
Bronson Mohika,--,135 lbs.,--,,1,1,0
Nate Mohr,"5' 9""",155 lbs.,"72.0""",Orthodox,9,7,0
Renato Moicano,"5' 11""",155 lbs.,"72.0""",Orthodox,20,6,1
Thiago Moises,"5' 9""",155 lbs.,"70.0""",Orthodox,19,8,0
Muhammad Mokaev,"5' 7""",125 lbs.,"70.0""",Orthodox,13,0,0
Ashkan Mokhtarian,"5' 6""",125 lbs.,"67.0""",Southpaw,13,3,0
Suman Mokhtarian,"5' 8""",145 lbs.,"72.0""",Orthodox,8,5,0
Dan Molina,"5' 10""",216 lbs.,--,,13,9,0
Jeff Molina,"5' 6""",125 lbs.,"69.0""",Orthodox,11,2,0
Rudyard Moncayo,"5' 10""",195 lbs.,--,Orthodox,0,3,0
Hidetaka Monma,"6' 0""",168 lbs.,--,Orthodox,18,11,4
Jeff Monson,"5' 9""",247 lbs.,"74.0""",Orthodox,60,26,1
Darrell Montague,"5' 6""",125 lbs.,"67.0""",Southpaw,13,5,0
Andrew Montanez,--,185 lbs.,--,,9,12,1
Augusto Montano,"6' 1""",170 lbs.,"73.0""",Orthodox,15,3,0
Erick Montano,"6' 0""",170 lbs.,"73.0""",Orthodox,7,5,0
Nicco Montano,"5' 5""",135 lbs.,"65.0""",Southpaw,5,3,0
Antonio Monteiro,"5' 7""",145 lbs.,"70.0""",Orthodox,17,5,1
Alberto Montes,"5' 7""",145 lbs.,"69.0""",Orthodox,11,1,0
Steve Montgomery,"6' 4""",185 lbs.,--,Southpaw,9,5,0
James Moontasri,"5' 10""",170 lbs.,"71.0""",Switch,9,5,0
Homer Moore,"5' 10""",205 lbs.,--,Orthodox,26,9,2
Todd Moore,"5' 9""",170 lbs.,"71.0""",Southpaw,16,7,0
Nate Moore,"6' 0""",170 lbs.,--,,8,4,0
Dustin Moore,"5' 4""",125 lbs.,--,,0,2,0
Taylor Moore,"5' 10""",135 lbs.,"70.0""",Southpaw,10,5,0
Sergio Moraes,"6' 0""",170 lbs.,"72.0""",Orthodox,14,6,1
Marlon Moraes,"5' 6""",135 lbs.,"67.0""",Orthodox,23,10,1
Sheymon Moraes,"5' 8""",145 lbs.,"72.0""",Orthodox,11,4,0
John Moraga,"5' 6""",125 lbs.,"66.0""",Orthodox,19,7,0
Ricardo Morais,"6' 8""",270 lbs.,--,Orthodox,10,4,1
Leonardo Morales,"5' 8""",135 lbs.,--,Southpaw,6,2,0
Albert Morales,"5' 9""",135 lbs.,"72.0""",Orthodox,7,4,1
Joseph Morales,"5' 6""",125 lbs.,"69.0""",Switch,9,2,0
Vince Morales,"5' 7""",135 lbs.,"70.0""",Orthodox,16,10,0
Omar Morales,"5' 11""",155 lbs.,"73.0""",Orthodox,11,4,0
Michael Morales,"6' 0""",170 lbs.,"79.0""",Orthodox,17,0,0
Sarah Moras,"5' 7""",135 lbs.,"67.0""",Orthodox,6,8,0
Christian Morecraft,"6' 6""",260 lbs.,"81.0""",Orthodox,8,3,0
Joe Moreira,"5' 11""",195 lbs.,--,Southpaw,2,2,0
Richardson Moreira,"6' 2""",185 lbs.,--,Orthodox,7,4,0
Gisele Moreira,"5' 6""",135 lbs.,--,Orthodox,8,3,0
Vinicius Moreira,"6' 4""",205 lbs.,"76.0""",Orthodox,9,5,0
Jesse Moreng,"5' 7""",145 lbs.,--,Orthodox,9,1,0
Brandon Moreno,"5' 7""",125 lbs.,"70.0""",Orthodox,23,8,2
Mike Moreno,"6' 0""",185 lbs.,--,,6,5,0
Dan Moret,"6' 0""",155 lbs.,"73.0""",Southpaw,13,6,0
Sammy Morgan,"5' 10""",170 lbs.,--,Orthodox,18,12,0
Peggy Morgan,"6' 1""",135 lbs.,--,,4,4,0
Alexander Morgan,"5' 10""",145 lbs.,"71.0""",Orthodox,11,5,0
Alex Morono,"5' 11""",170 lbs.,"72.0""",Orthodox,24,12,0
Maryna Moroz,"5' 7""",125 lbs.,"67.0""",Orthodox,11,6,0
Sergey Morozov,"5' 6""",135 lbs.,"67.0""",Orthodox,19,5,0
Brad Morris,"6' 2""",205 lbs.,--,Orthodox,10,6,0
Scott Morris,"5' 10""",210 lbs.,--,Orthodox,2,1,0
Anthony Morrison,"5' 7""",145 lbs.,--,Orthodox,20,12,0
Jack Morrison,"5' 11""",205 lbs.,--,,0,3,0
Harry Moskowitz,"6' 5""",275 lbs.,--,Orthodox,6,12,0
Carlos Mota,"5' 4""",125 lbs.,"69.0""",Orthodox,8,2,0
Miki Motono,"5' 2""",115 lbs.,"63.0""",Southpaw,8,5,0
Juan Mott,"6' 0""",190 lbs.,--,Switch,3,4,0
Nikolas Motta,"5' 9""",155 lbs.,"70.0""",Orthodox,15,5,0
Flavio Luiz Moura,"5' 11""",183 lbs.,--,Open Stance,19,7,0
Eduarda Moura,"5' 6""",125 lbs.,"66.0""",Orthodox,11,1,0
Gegard Mousasi,"6' 2""",185 lbs.,"76.0""",Orthodox,42,6,2
Kris Moutinho,"5' 7""",135 lbs.,"68.0""",Southpaw,9,6,0
Kin Moy,"5' 5""",135 lbs.,--,,8,3,0
Jamie Moyle,"5' 1""",115 lbs.,"65.0""",Orthodox,4,3,0
Askar Mozharov,"6' 3""",205 lbs.,"74.0""",Orthodox,19,13,0
Garrett Mueller,"5' 9""",135 lbs.,--,,3,3,0
Lauren Mueller,"5' 5""",125 lbs.,"67.0""",Orthodox,5,3,0
Belal Muhammad,"5' 11""",170 lbs.,"72.0""",Orthodox,24,3,0
Fazlo Mulabitinovic,--,135 lbs.,--,,4,2,0
Quinn Mulhern,"6' 3""",155 lbs.,--,Orthodox,18,4,0
James Mulheron,"5' 10""",243 lbs.,"73.0""",Orthodox,11,2,0
Jamie Mullarkey,"6' 0""",155 lbs.,"74.0""",Orthodox,17,8,0
Jim Mullen,"6' 1""",215 lbs.,--,Southpaw,0,2,0
Melissa Mullins,"5' 7""",135 lbs.,"68.0""",Orthodox,7,1,0
Pedro Munhoz,"5' 6""",135 lbs.,"65.0""",Orthodox,20,10,0
Andre Muniz,"6' 1""",185 lbs.,"78.0""",Southpaw,24,6,0
Mark Munoz,"6' 0""",185 lbs.,"71.0""",Orthodox,14,6,0
Alexander Munoz,"5' 9""",155 lbs.,"72.0""",Switch,7,2,0
Johnny Munoz,"5' 9""",135 lbs.,"71.0""",Orthodox,12,4,0
Andy Murad,"5' 9""",185 lbs.,--,,15,2,0
Olivier Murad,"5' 10""",145 lbs.,"72.0""",Southpaw,6,0,0
Makhmud Muradov,"6' 2""",185 lbs.,"75.0""",Orthodox,26,8,0
Kazunari Murakami,"6' 1""",220 lbs.,--,Orthodox,5,5,0
Ryuichi Murata,"5' 8""",183 lbs.,--,Orthodox,8,3,1
Kanako Murata,"5' 1""",115 lbs.,"62.0""",Orthodox,12,3,0
Ailiya Muratbek,--,155 lbs.,--,,9,2,0
Vince Murdock,"5' 6""",145 lbs.,"64.0""",Orthodox,12,4,0
Samandar Murodov,"6' 1""",170 lbs.,"75.0""",Orthodox,11,0,0
Tom Murphy,"6' 2""",227 lbs.,--,Southpaw,8,0,0
Ian Murphy,"6' 1""",185 lbs.,--,Orthodox,1,1,0
Jon Murphy,"6' 3""",260 lbs.,--,Orthodox,6,4,0
Lauren Murphy,"5' 5""",125 lbs.,"67.0""",Orthodox,16,6,0
Patrick Murphy,"6' 0""",170 lbs.,--,,5,3,0
Lerone Murphy,"5' 9""",145 lbs.,"73.0""",Orthodox,15,0,1
Lee Murray,"6' 3""",185 lbs.,--,Orthodox,8,2,1
Jesse Murray,"6' 3""",205 lbs.,"78.0""",Orthodox,8,4,0
Khalid Murtazaliev,"6' 0""",185 lbs.,"76.0""",Orthodox,14,2,0
Azamat Murzakanov,"5' 10""",205 lbs.,"71.0""",Southpaw,14,0,0
Josias Musasa,"5' 8""",135 lbs.,"74.0""",Southpaw,8,1,0
Nicholas Musoke,"6' 0""",170 lbs.,"75.0""",Orthodox,13,5,0
Andre Mussi,"6' 3""",242 lbs.,--,Orthodox,11,5,0
Magomed Mustafaev,"5' 8""",155 lbs.,"71.0""",Orthodox,14,4,0
Max Mustaki,"6' 0""",155 lbs.,--,Orthodox,6,3,0
Elvis Mutapcic,"6' 0""",185 lbs.,"72.0""",Orthodox,15,6,1
Fiona Muxlow,"5' 4""",145 lbs.,--,,6,3,0
Ho Bae Myeon,"5' 11""",168 lbs.,--,Orthodox,13,5,1
Katsuhiko Nagata,"5' 7""",154 lbs.,--,Southpaw,6,7,3
Yuji Nagata,"6' 0""",225 lbs.,--,Orthodox,0,2,0
Greg Nagy,"6' 1""",210 lbs.,--,Orthodox,1,3,0
Logan Nail,--,185 lbs.,--,,1,1,0
Muhammad Naimov,"5' 9""",145 lbs.,"70.0""",Orthodox,12,3,0
Yukiya Naito,"6' 1""",205 lbs.,--,Orthodox,15,6,2
Yura Naito,"6' 0""",185 lbs.,"74.0""",Orthodox,6,1,0
Andrews Nakahara,"6' 1""",185 lbs.,--,Orthodox,5,4,2
Rin Nakai,"5' 1""",135 lbs.,--,Orthodox,19,2,1
Kazuhiro Nakamura,"5' 11""",205 lbs.,"70.0""",Orthodox,21,13,0
Keita Nakamura,"5' 11""",170 lbs.,"73.0""",Southpaw,34,10,2
Daisuke Nakamura,"5' 7""",154 lbs.,--,Orthodox,28,19,1
Yusaku Nakamura,"5' 5""",145 lbs.,--,,14,4,1
Rinya Nakamura,"5' 7""",135 lbs.,"68.0""",Southpaw,9,1,0
Tokitaka Nakanishi,"5' 6""",135 lbs.,"66.0""",Orthodox,12,4,0
Jutaro Nakao,"5' 9""",170 lbs.,--,Southpaw,25,19,4
Yoshihiro Nakao,"6' 0""",220 lbs.,--,Southpaw,9,3,0
Yui Chul Nam,"5' 9""",145 lbs.,--,Orthodox,18,8,1
Tyson Nam,"5' 7""",125 lbs.,"68.0""",Orthodox,21,14,1
Rose Namajunas,"5' 5""",125 lbs.,"65.0""",Orthodox,14,7,0
Yasuhito Namekawa,"5' 9""",205 lbs.,--,Orthodox,25,16,4
Nad Narimani,"5' 8""",145 lbs.,"70.0""",Orthodox,12,4,0
Roger Narvaez,"6' 3""",185 lbs.,--,Southpaw,8,3,0
Fabio Nascimento,"5' 10""",185 lbs.,--,Orthodox,11,6,0
Allan Nascimento,"5' 8""",125 lbs.,"69.0""",Orthodox,20,6,0
Rodrigo Nascimento,"6' 2""",246 lbs.,"80.0""",Orthodox,11,3,0
Bobby Nash,"6' 0""",170 lbs.,"74.0""",Orthodox,8,4,0
Reza Nasri,"5' 11""",205 lbs.,--,Orthodox,0,1,0
Nasrudin Nasrudinov,"6' 0""",205 lbs.,"71.0""",Orthodox,9,1,0
Pawel Nastula,"6' 0""",230 lbs.,--,Southpaw,5,6,0
Rafael Natal,"6' 0""",185 lbs.,"77.0""",Orthodox,21,9,1
Kevin Natividad,"5' 6""",135 lbs.,"70.0""",Orthodox,9,4,0
Ismail Naurdiev,"5' 10""",185 lbs.,"74.0""",Orthodox,24,7,0
Danny Navarro,"5' 10""",155 lbs.,--,,17,7,0
Marcio Navarro,"6' 0""",155 lbs.,--,,14,14,0
Tafon Nchukwi,"6' 0""",185 lbs.,"77.0""",Orthodox,6,4,0
Dustin Neace,"5' 9""",145 lbs.,"69.0""",,25,21,1
Josh Neal,"6' 0""",185 lbs.,--,,5,11,0
Joe Neal,"5' 6""",135 lbs.,--,,6,2,0
Geoff Neal,"5' 11""",170 lbs.,"75.0""",Southpaw,16,6,0
Stanislav Nedkov,"5' 11""",205 lbs.,"71.0""",Orthodox,12,2,0
Josh Neer,"5' 11""",170 lbs.,"72.0""",Orthodox,36,16,1
Nicolae Negumereanu,"6' 0""",205 lbs.,"78.0""",Orthodox,13,2,0
Steve Nelmark,"6' 0""",240 lbs.,--,Orthodox,2,1,0
Shane Nelson,"5' 9""",155 lbs.,"70.0""",Southpaw,16,7,0
Roy Nelson,"6' 0""",263 lbs.,"73.0""",Orthodox,22,14,0
Gunnar Nelson,"5' 11""",170 lbs.,"72.0""",Switch,19,6,1
Kyle Nelson,"5' 11""",145 lbs.,"71.0""",Switch,16,6,1
Lissette Neri,"5' 2""",145 lbs.,--,,6,4,0
Mario Neto,"6' 0""",229 lbs.,--,Orthodox,13,5,0
Antonio Braga Neto,"6' 3""",185 lbs.,"77.0""",Orthodox,9,3,0
Eduardo Neves,"6' 2""",263 lbs.,"78.0""",Orthodox,7,2,0
Julio Cesar Neves Jr.,"5' 8""",145 lbs.,--,,33,1,0
Nick Newell,"5' 10""",155 lbs.,--,Southpaw,14,2,0
Journey Newson,"5' 5""",135 lbs.,"67.0""",Orthodox,10,5,0
Jeff Newton,"6' 2""",205 lbs.,--,Sideways,4,2,0
Carlos Newton,"5' 9""",170 lbs.,--,Orthodox,16,14,0
Emanuel Newton,"6' 1""",205 lbs.,--,,26,12,1
Francis Ngannou,"6' 4""",250 lbs.,"83.0""",Orthodox,17,3,0
Ben Nguyen,"5' 5""",125 lbs.,"65.0""",Switch,16,8,0
Steven Nguyen,"5' 11""",145 lbs.,"73.0""",Switch,9,2,0
Alex Nicholson,"6' 4""",185 lbs.,"77.0""",Orthodox,7,4,0
Bo Nickal,"6' 1""",185 lbs.,"76.0""",Southpaw,7,0,0
Mike Nickels,"6' 4""",205 lbs.,--,Orthodox,9,5,0
Matheus Nicolau,"5' 6""",125 lbs.,"66.0""",Orthodox,19,6,1
Stewart Nicoll,"5' 5""",125 lbs.,"65.0""",Orthodox,8,1,0
Jaimelene Nievera,"5' 5""",125 lbs.,--,Orthodox,7,4,0
Khomkrit Niimi,"5' 2""",125 lbs.,--,,6,10,0
Tom Niinimaki,"5' 9""",145 lbs.,"69.0""",Orthodox,22,8,1
Ramsey Nijem,"5' 11""",155 lbs.,"75.0""",Orthodox,9,6,0
Hans Nijman,"6' 0""",250 lbs.,--,Switch,9,7,0
Fedor Nikolov,--,--,--,,0,0,0
Jack Nilson,--,--,--,,2,6,0
Mats Nilsson,"6' 1""",170 lbs.,--,Orthodox,11,4,1
Guangyou Ning,"5' 4""",145 lbs.,"64.0""",Southpaw,5,4,1
Soichi Nishida,"5' 11""",320 lbs.,--,Orthodox,5,10,1
Yosuke Nishijima,"5' 9""",205 lbs.,--,Orthodox,0,5,0
Yamato Nishikawa,"5' 7""",155 lbs.,--,Orthodox,21,3,6
Akiyo Nishiura,"5' 8""",139 lbs.,--,Southpaw,13,8,1
Anthony Njokuani,"6' 1""",155 lbs.,"75.0""",Orthodox,16,12,0
Chidi Njokuani,"6' 3""",170 lbs.,"80.0""",Orthodox,25,10,0
Derrick Noble,"5' 9""",170 lbs.,--,Southpaw,27,15,1
Kyle Noblitt,"6' 2""",243 lbs.,--,,11,2,0
Pedro Nobre,"5' 5""",135 lbs.,--,,18,4,2
Jacob Noe,--,205 lbs.,--,,3,11,0
Antonio Rodrigo Nogueira,"6' 3""",240 lbs.,"77.0""",Orthodox,34,10,1
Rogerio Nogueira,"6' 2""",205 lbs.,"75.0""",Southpaw,23,10,0
Alexandre Franca Nogueira,"5' 7""",145 lbs.,--,Orthodox,18,6,3
Talita Nogueira,"5' 10""",145 lbs.,--,,6,0,0
Kyle Noke,"6' 1""",170 lbs.,"76.0""",Southpaw,22,10,1
Tom Nolan,"6' 3""",155 lbs.,"73.0""",Southpaw,9,1,0
Nick Nolte,"6' 0""",170 lbs.,--,,5,4,0
KJ Noons,"5' 10""",155 lbs.,"70.0""",Orthodox,13,9,0
Sage Northcutt,"6' 0""",170 lbs.,"71.0""",Orthodox,11,2,0
Jan Nortje,"6' 1""",310 lbs.,--,Southpaw,2,6,0
Scott Norton,"5' 10""",170 lbs.,--,Orthodox,7,1,0
Shohei Nose,"5' 6""",135 lbs.,"68.0""",Switch,12,5,2
Jonatas Novaes,"5' 11""",170 lbs.,--,,13,5,0
Jason Novelli,"6' 0""",155 lbs.,--,Orthodox,11,3,1
Phillipe Nover,"5' 9""",145 lbs.,"72.0""",Orthodox,11,8,1
Taiyilake Nueraji,"6' 2""",170 lbs.,"75.0""",Southpaw,9,1,0
Shayilan Nuerdanbieke,"5' 8""",145 lbs.,"69.0""",Orthodox,39,12,0
Diego Nunes,"5' 6""",145 lbs.,"67.0""",Orthodox,19,7,0
Amanda Nunes,"5' 8""",135 lbs.,"69.0""",Orthodox,23,5,0
Nina Nunes,"5' 5""",125 lbs.,"64.0""",Orthodox,11,7,0
Istela Nunes,"5' 4""",115 lbs.,"66.0""",Orthodox,6,5,0
Josiane Nunes,"5' 2""",135 lbs.,"67.0""",Southpaw,10,4,0
Diyar Nurgozhay,"6' 2""",205 lbs.,"74.0""",Southpaw,10,1,0
Khabib Nurmagomedov,"5' 10""",155 lbs.,"70.0""",Orthodox,29,0,0
Said Nurmagomedov,"5' 8""",135 lbs.,"70.0""",Orthodox,18,4,0
Abubakar Nurmagomedov,"5' 11""",170 lbs.,"72.0""",Orthodox,17,4,1
Umar Nurmagomedov,"5' 8""",135 lbs.,"69.0""",Orthodox,18,1,0
Kennedy Nzechukwu,"6' 5""",236 lbs.,"83.0""",Southpaw,14,5,0
Jake O'Brien,"6' 3""",205 lbs.,"76.0""",Orthodox,15,4,0
TJ O'Brien,"6' 2""",155 lbs.,--,Orthodox,20,8,0
Sean O'Connell,"6' 1""",205 lbs.,"74.0""",Orthodox,17,9,0
Dan O'Connor,"5' 4""",115 lbs.,--,,6,6,0
Sean O'Haire,"6' 5""",270 lbs.,--,Orthodox,4,2,0
Sean O'Malley,"5' 11""",135 lbs.,"72.0""",Switch,18,2,0
Jeremiah O'Neal,"5' 8""",260 lbs.,--,,13,25,0
Chuck O'Neil,"6' 2""",170 lbs.,--,,17,9,0
Casey O'Neill,"5' 6""",125 lbs.,"69.0""",Orthodox,10,2,0
Brendan O'Reilly,"5' 7""",170 lbs.,"69.0""",Orthodox,6,3,0
Takahiro Oba,"5' 8""",200 lbs.,--,Southpaw,5,7,1
Nobuhiro Obiya,"5' 8""",145 lbs.,--,Orthodox,12,5,1
Jose Ochoa,"5' 7""",125 lbs.,"67.0""",Southpaw,7,1,0
Christian Ocon,"5' 8""",135 lbs.,"69.0""",Orthodox,2,1,0
Richard Odoms,"6' 5""",265 lbs.,--,Orthodox,13,3,0
Volkan Oezdemir,"6' 2""",205 lbs.,"75.0""",Orthodox,20,8,0
Kaan Ofli,"5' 7""",145 lbs.,"66.0""",Orthodox,12,4,1
Naoya Ogawa,"6' 4""",255 lbs.,--,Orthodox,7,2,0
Trey Ogden,"5' 11""",155 lbs.,"72.0""",Orthodox,18,7,0
Andy Ogle,"5' 8""",145 lbs.,"69.0""",Orthodox,9,6,0
Ho Taek Oh,--,155 lbs.,--,,7,2,1
Michiyoshi Ohara,"5' 10""",205 lbs.,--,Orthodox,0,2,0
Koji Oishi,"5' 8""",170 lbs.,--,Orthodox,25,10,10
Takayuki Okada,"6' 1""",290 lbs.,--,Orthodox,3,3,2
Yushin Okami,"6' 2""",170 lbs.,"75.0""",Southpaw,34,12,0
JJ Okanovich,"5' 11""",155 lbs.,"76.0""",Orthodox,7,1,0
Bolaji Oki,"5' 10""",155 lbs.,"73.0""",Orthodox,9,2,0
Kazuki Okubo,"5' 11""",175 lbs.,--,Orthodox,7,9,0
Masakatsu Okuda,--,--,--,,8,5,0
Aleksei Oleinik,"6' 2""",240 lbs.,"80.0""",Orthodox,60,17,1
Michal Oleksiejczuk,"6' 0""",185 lbs.,"74.0""",Southpaw,19,9,0
Rafaello Oliveira,"5' 8""",155 lbs.,"71.0""",Orthodox,17,8,0
Charles Oliveira,"5' 10""",155 lbs.,"74.0""",Orthodox,35,10,0
Jorge Oliveira,"6' 1""",205 lbs.,--,,5,3,1
Ednaldo Oliveira,"6' 5""",205 lbs.,--,Orthodox,17,3,1
Alex Oliveira,"5' 11""",170 lbs.,"76.0""",Orthodox,22,12,1
Maria Oliveira,"5' 6""",115 lbs.,"69.0""",Orthodox,13,7,0
Bruno Oliveira,"6' 4""",205 lbs.,"80.0""",Orthodox,8,2,0
Saimon Oliveira,"5' 4""",135 lbs.,"72.0""",Orthodox,18,6,0
Vinicius Oliveira,"5' 9""",135 lbs.,"70.0""",Switch,22,3,0
Ravena Oliveira,"5' 5""",115 lbs.,"65.0""",Orthodox,7,2,1
Wendell Oliveira Marques,"5' 10""",170 lbs.,--,Orthodox,29,10,0
Felipe Olivieri,"5' 9""",155 lbs.,--,Orthodox,14,5,0
Andy Ologun,"6' 0""",154 lbs.,--,Orthodox,3,1,0
Shana Olsen,"5' 7""",145 lbs.,--,,5,2,0
Casey Olson,"5' 7""",145 lbs.,--,Orthodox,14,5,0
Dennis Olson,"6' 0""",170 lbs.,--,,14,11,0
Cameron Olson,"6' 1""",205 lbs.,"75.0""",Orthodox,7,3,0
Gadzhi Omargadzhiev,"6' 1""",170 lbs.,"71.0""",Switch,13,2,0
Alan Omer,"5' 10""",145 lbs.,--,Orthodox,20,5,0
Daniel Omielanczuk,"6' 0""",247 lbs.,"74.0""",Southpaw,19,8,1
Michihiro Omigawa,"5' 6""",145 lbs.,"68.0""",Orthodox,17,14,1
David Onama,"5' 11""",145 lbs.,"74.0""",Orthodox,13,2,0
Charlie Ontiveros,"6' 2""",155 lbs.,"74.0""",Switch,11,9,0
Chibwikem Onyenegecha,"6' 3""",185 lbs.,--,Orthodox,5,0,0
Myktybek Orolbai,"5' 10""",155 lbs.,"74.0""",Orthodox,13,2,1
Sam Oropeza,"6' 2""",170 lbs.,--,,13,3,0
Brian Ortega,"5' 8""",145 lbs.,"69.0""",Switch,16,4,0
Tito Ortiz,"6' 3""",205 lbs.,"74.0""",Orthodox,19,12,1
Jorge Ortiz,"6' 0""",185 lbs.,--,Orthodox,18,9,1
Dustin Ortiz,"5' 5""",125 lbs.,"65.0""",Orthodox,19,8,0
Kenji Osawa,"5' 7""",135 lbs.,"66.0""",Orthodox,20,11,2
Ode Osbourne,"5' 7""",125 lbs.,"73.0""",Southpaw,12,8,0
Kurt Osiander,--,185 lbs.,--,,4,1,0
Nick Osipczak,"6' 2""",170 lbs.,"76.0""",Orthodox,6,3,0
Nissen Osterneck,"6' 2""",185 lbs.,--,Orthodox,12,4,0
Rachael Ostovich,"5' 3""",125 lbs.,"62.0""",Orthodox,4,6,0
Pedro Otavio,"6' 3""",245 lbs.,--,Orthodox,19,8,0
Alexander Otsuka,"6' 1""",205 lbs.,--,Orthodox,5,13,0
Takafumi Otsuka,"5' 6""",139 lbs.,--,Orthodox,22,13,2
Quemuel Ottoni,"6' 0""",155 lbs.,"72.0""",Orthodox,12,3,0
Zak Ottow,"5' 11""",170 lbs.,"72.0""",Orthodox,17,7,0
Artur Oumakhanov,"5' 7""",154 lbs.,--,Orthodox,9,6,0
Sidney Outlaw,"5' 8""",170 lbs.,"74.0""",Orthodox,8,4,0
Alistair Overeem,"6' 4""",265 lbs.,"80.0""",Orthodox,47,19,0
Valentijn Overeem,"6' 3""",230 lbs.,--,Orthodox,30,32,0
Craig Oxley,"5' 9""",155 lbs.,--,,0,3,0
Shungo Oyama,"5' 11""",185 lbs.,--,Southpaw,14,19,0
Ren Ozaki,"5' 7""",135 lbs.,"68.0""",Orthodox,6,1,2
Alptekin Ozkilic,"5' 5""",125 lbs.,"65.0""",Orthodox,9,5,0
Raquel Pa'aluhi,"5' 7""",135 lbs.,--,,6,5,0
Nick Pace,"5' 7""",135 lbs.,"68.0""",Orthodox,8,3,0
Larissa Pacheco,"5' 7""",135 lbs.,--,Orthodox,10,2,0
Angel Pacheco,"5' 8""",135 lbs.,"70.0""",Orthodox,7,3,0
Teemu Packalen,"6' 1""",155 lbs.,"75.0""",Orthodox,8,3,0
George Pacurariu,"5' 7""",135 lbs.,--,,10,5,0
Cyrillo Padilha,"5' 11""",155 lbs.,--,,3,3,0
Gary Padilla,"5' 11""",205 lbs.,--,,12,6,0
Fernando Padilla,"6' 1""",145 lbs.,"76.0""",Orthodox,16,6,0
Chris Padilla,"5' 9""",155 lbs.,"74.0""",Orthodox,16,6,0
Damacio Page,"5' 6""",135 lbs.,"66.0""",Orthodox,19,10,0
Michael Page,"6' 3""",170 lbs.,"79.0""",Switch,23,3,0
Dustin Pague,"5' 9""",135 lbs.,"74.0""",Orthodox,12,11,0
Josh Paiva,"5' 6""",125 lbs.,--,,8,2,0
Raulian Paiva,"5' 8""",135 lbs.,"69.0""",Orthodox,21,5,0
Dinis Paiva Jr.,"5' 9""",145 lbs.,"71.0""",Southpaw,13,8,0
Fredson Paixao,"5' 6""",145 lbs.,"66.0""",Orthodox,10,5,0
Luis Pajuelo,"5' 10""",145 lbs.,"69.0""",Orthodox,8,2,0
Jose Palacios,"5' 9""",145 lbs.,--,Orthodox,3,2,0
Ricky Palacios,"5' 6""",145 lbs.,--,Orthodox,10,1,0
Bart Palaszewski,"5' 9""",145 lbs.,"70.0""",Orthodox,36,17,0
Sasha Palatnikov,"6' 1""",170 lbs.,"72.0""",Switch,6,4,0
Soa Palelei,"6' 4""",265 lbs.,"81.0""",Orthodox,22,5,0
Rousimar Palhares,"5' 8""",170 lbs.,"71.0""",Orthodox,19,8,0
Tulio Palhares,--,180 lbs.,--,,2,16,0
Stephen Palling,"5' 4""",143 lbs.,--,,11,7,1
Eduardo Pamplona,"5' 11""",170 lbs.,--,,16,4,0
Ruel Panales,"5' 5""",125 lbs.,"67.0""",Southpaw,6,2,0
Yuri Panferov,"6' 1""",185 lbs.,"72.0""",Orthodox,6,1,0
Alexandre Pantoja,"5' 5""",125 lbs.,"67.0""",Orthodox,29,5,0
Jared Papazian,"5' 8""",135 lbs.,"67.0""",Southpaw,20,13,0
Kathryn Paprocki,"5' 3""",115 lbs.,"63.0""",Orthodox,3,2,0
Joe Pardo,"6' 1""",210 lbs.,--,Southpaw,4,6,0
Bryan Pardoe,"6' 1""",205 lbs.,--,Orthodox,13,16,0
Remco Pardoel,"6' 3""",260 lbs.,--,Southpaw,9,6,1
Ido Pariente,"5' 8""",155 lbs.,--,Orthodox,13,6,0
Josh Parisian,"6' 4""",265 lbs.,"79.0""",Orthodox,15,8,0
Karo Parisyan,"5' 10""",170 lbs.,"72.0""",Orthodox,24,11,0
Won Sik Park,"5' 11""",154 lbs.,--,Orthodox,11,7,1
JunYong Park,"5' 10""",185 lbs.,"73.0""",Orthodox,18,6,0
Harvey Park,"6' 0""",155 lbs.,"70.0""",Orthodox,12,3,0
HyunSung Park,"5' 7""",125 lbs.,"66.0""",Orthodox,9,0,0
Jae Hyun Park,"5' 8""",155 lbs.,"72.0""",Orthodox,6,2,0
Norman Parke,"5' 11""",155 lbs.,"70.0""",Southpaw,23,6,1
Ryan Parker,"6' 3""",235 lbs.,--,Southpaw,0,1,0
Larry Parker,"5' 11""",205 lbs.,--,Orthodox,13,6,1
Tyra Parker,"5' 5""",115 lbs.,--,Orthodox,4,5,0
Mick Parkin,"6' 4""",265 lbs.,"79.0""",Orthodox,10,1,0
Willie Parks,"5' 10""",185 lbs.,--,,5,2,0
Jordan Parsons,"5' 9""",145 lbs.,--,,11,2,0
Preston Parsons,"5' 11""",170 lbs.,"71.0""",Orthodox,11,6,0
Jonny Parsons,"5' 9""",170 lbs.,"69.0""",Orthodox,9,3,0
Onassis Parungao,"5' 11""",200 lbs.,--,,2,1,0
Ramona Pascual,"5' 7""",135 lbs.,"66.0""",Southpaw,6,5,0
Billy Pasulatan,"5' 5""",125 lbs.,"66.0""",Switch,10,3,0
Jhonoven Pati,"6' 1""",185 lbs.,"75.0""",Switch,6,4,0
Windri Patilima,"5' 6""",155 lbs.,"71.0""",Southpaw,8,1,0
Jorge Patino,"5' 8""",170 lbs.,--,Orthodox,38,19,2
Russell Patrick,"5' 9""",145 lbs.,--,,6,4,0
Claude Patrick,"5' 11""",170 lbs.,"75.0""",Orthodox,14,2,0
Alan Patrick,"5' 11""",155 lbs.,"74.0""",Southpaw,15,4,0
Michael Patt,"6' 0""",205 lbs.,--,Orthodox,12,4,0
Justin Patterson,"5' 10""",170 lbs.,--,,9,3,0
Sam Patterson,"6' 3""",170 lbs.,"78.0""",Orthodox,13,2,1
Zac Pauga,"6' 2""",205 lbs.,"76.0""",Orthodox,7,3,0
Julio Paulino,"6' 0""",170 lbs.,--,Orthodox,23,5,0
Thomas Paull,"5' 7""",155 lbs.,"67.0""",Orthodox,11,4,0
Sergei Pavlovich,"6' 3""",257 lbs.,"84.0""",Southpaw,19,3,0
Pawel Pawlak,"6' 0""",170 lbs.,"73.0""",Orthodox,12,3,0
Estevan Payan,"5' 10""",145 lbs.,--,Orthodox,16,12,0
Sarah Payant,"5' 4""",115 lbs.,--,,1,4,0
Roland Payne,"5' 9""",205 lbs.,--,Orthodox,0,1,0
Jonathan Pearce,"6' 0""",145 lbs.,"71.0""",Switch,14,7,0
Joe Pearson,"5' 10""",145 lbs.,--,Orthodox,45,30,1
Ross Pearson,"5' 8""",155 lbs.,"69.0""",Orthodox,20,16,0
Andre Pederneiras,"5' 8""",155 lbs.,--,Orthodox,1,1,2
Carlo Pedersoli Jr.,"5' 11""",170 lbs.,"75.0""",Southpaw,11,3,0
Matt Pedro,--,--,--,,3,1,0
Tyson Pedro,"6' 3""",205 lbs.,"79.0""",Orthodox,10,5,0
Trevor Peek,"5' 9""",145 lbs.,"70.0""",Switch,9,3,0
Willie Peeters,"5' 9""",220 lbs.,--,Orthodox,9,10,1
Filip Pejic,"5' 8""",135 lbs.,--,Orthodox,12,2,2
Kurt Pellegrino,"5' 8""",155 lbs.,"70.0""",Orthodox,16,7,0
Yan Pellerin,"5' 11""",205 lbs.,--,Orthodox,11,13,0
Julianna Pena,"5' 6""",135 lbs.,"69.0""",Orthodox,13,5,0
Luis Pena,"6' 3""",155 lbs.,"75.0""",Southpaw,9,3,0
Felipe Pena,--,--,--,,0,0,0
Matej Penaz,"6' 3""",185 lbs.,"83.0""",Southpaw,6,1,0
Sherman Pendergarst,"6' 1""",235 lbs.,--,Orthodox,11,18,0
Drew Pendleton,--,145 lbs.,--,,5,0,0
Cathal Pendred,"6' 1""",170 lbs.,"75.0""",Orthodox,17,4,1
BJ Penn,"5' 9""",155 lbs.,"70.0""",Orthodox,16,14,2
Jessica Penne,"5' 5""",115 lbs.,"67.0""",Orthodox,14,9,0
Nick Penner,"6' 4""",205 lbs.,--,Southpaw,11,3,0
Justin Pennington,"5' 4""",--,--,,3,3,0
Raquel Pennington,"5' 7""",135 lbs.,"67.0""",Orthodox,16,10,0
Tecia Pennington,"5' 1""",115 lbs.,"60.0""",Orthodox,14,7,0
Jerron Peoples,"6' 0""",170 lbs.,--,,4,3,0
Godofredo Pepey,"5' 7""",145 lbs.,"73.0""",Orthodox,13,6,0
Ray Perales,"5' 10""",170 lbs.,--,Orthodox,13,22,0
Robert Peralta,"5' 8""",145 lbs.,"71.0""",Orthodox,18,8,0
Viviane Pereira,"5' 1""",115 lbs.,"63.0""",Orthodox,13,2,0
Michel Pereira,"6' 1""",185 lbs.,"73.0""",Orthodox,31,12,0
Alex Pereira,"6' 4""",205 lbs.,"79.0""",Orthodox,12,3,0
Daniel Pereira,"5' 10""",185 lbs.,--,,9,2,0
Luciano Pereira,--,125 lbs.,--,Orthodox,13,1,0
Alice Pereira,--,135 lbs.,--,,6,0,0
Rolando Perez,"5' 8""",135 lbs.,--,Orthodox,7,5,2
Philip Perez,"5' 5""",155 lbs.,--,Southpaw,7,5,1
Erik Perez,"5' 8""",135 lbs.,"68.0""",Orthodox,17,6,0
Alejandro Perez,"5' 6""",135 lbs.,"67.0""",Orthodox,23,9,1
Frankie Perez,"5' 11""",155 lbs.,"73.0""",Orthodox,10,4,0
Jose Perez,--,--,--,,1,0,0
Alex Perez,"5' 6""",125 lbs.,"65.0""",Orthodox,25,9,0
Markus Perez,"6' 1""",185 lbs.,"73.0""",Orthodox,12,5,0
Ailin Perez,"5' 5""",135 lbs.,"66.0""",Switch,12,2,0
Anthony Perosh,"6' 3""",205 lbs.,"75.0""",Orthodox,15,10,0
Thiago Perpetuo,"5' 10""",170 lbs.,--,Orthodox,9,4,1
Hernani Perpetuo,"6' 0""",170 lbs.,--,Orthodox,18,5,0
Jay Perrin,"5' 7""",135 lbs.,"67.0""",Switch,10,7,0
Mike Perry,"5' 10""",170 lbs.,"71.0""",Orthodox,14,8,0
Raphael Pessoa,"6' 3""",262 lbs.,"78.0""",Orthodox,10,2,0
Viktor Pesta,"6' 3""",240 lbs.,"77.0""",Orthodox,10,4,0
Leiticia Pestova,"5' 6""",135 lbs.,--,Orthodox,0,2,0
Tony Petarra,"5' 11""",196 lbs.,--,Orthodox,2,3,1
Tommy Petersen,--,155 lbs.,--,,2,3,0
Thomas Petersen,"6' 1""",264 lbs.,"74.0""",Southpaw,9,3,0
Cory Peterson,"6' 11""",400 lbs.,--,Orthodox,2,1,0
Steven Peterson,"5' 10""",145 lbs.,"70.0""",Orthodox,19,11,0
Vitor Petrino,"6' 2""",205 lbs.,"77.0""",Orthodox,11,2,0
Andre Petroski,"6' 0""",185 lbs.,"73.0""",Switch,13,4,0
Armen Petrosyan,"6' 3""",185 lbs.,"71.0""",Orthodox,9,5,0
Ivana Petrovic,"5' 8""",125 lbs.,"70.0""",Southpaw,7,2,0
Seth Petruzelli,"6' 0""",205 lbs.,"76.0""",Orthodox,14,8,0
Peter Petties,"5' 11""",145 lbs.,"72.0""",Southpaw,5,3,0
Anthony Pettis,"5' 10""",155 lbs.,"72.0""",Orthodox,24,10,0
Sergio Pettis,"5' 6""",125 lbs.,"69.0""",Orthodox,18,5,0
Forrest Petz,"5' 9""",170 lbs.,"71.0""",Orthodox,26,10,0
Dino Pezao,--,205 lbs.,--,Orthodox,1,3,0
Cody Pfister,"5' 10""",155 lbs.,"73.0""",Orthodox,13,6,1
Nam Phan,"5' 6""",135 lbs.,"70.0""",Orthodox,21,17,0
Constantinos Philippou,"5' 11""",185 lbs.,"73.0""",Orthodox,13,5,0
Wayne Phillips,--,185 lbs.,--,,7,7,0
Dave Phillips,"6' 0""",185 lbs.,--,Orthodox,13,7,0
Aaron Phillips,"5' 9""",135 lbs.,"71.0""",Southpaw,12,5,0
Elizabeth Phillips,"5' 6""",135 lbs.,"65.0""",Orthodox,6,6,0
John Phillips,"5' 11""",185 lbs.,"75.0""",Southpaw,22,11,0
Kyler Phillips,"5' 8""",135 lbs.,"72.0""",Orthodox,12,3,0
Mario Piazzon,"5' 9""",265 lbs.,"73.0""",Orthodox,8,0,0
Nick Pica,"5' 10""",185 lbs.,--,,5,1,0
Nick Piccininni,"5' 6""",125 lbs.,"66.0""",Orthodox,7,1,0
Adam Piccolotti,"5' 11""",155 lbs.,--,,9,0,0
Vinc Pichel,"5' 10""",155 lbs.,"72.0""",Orthodox,14,5,0
Brad Pickett,"5' 6""",135 lbs.,"68.0""",Orthodox,25,14,0
Jamie Pickett,"6' 2""",185 lbs.,"80.0""",Orthodox,13,11,0
Fabiola Pidroni,--,115 lbs.,--,,5,0,0
Oskar Piechota,"6' 0""",185 lbs.,"76.0""",Southpaw,11,3,1
Nick Piedmont,"5' 10""",145 lbs.,--,,12,7,1
Mike Pierce,"5' 8""",170 lbs.,"71.0""",Orthodox,17,7,0
Joao Pierini,"6' 1""",155 lbs.,--,Switch,4,1,0
Jonathan Piersma,"5' 11""",170 lbs.,"73.0""",Orthodox,9,3,0
Sean Pierson,"6' 0""",170 lbs.,"76.0""",Southpaw,14,6,0
Domingo Pilarte,"6' 0""",135 lbs.,"73.0""",Southpaw,8,3,0
Paddy Pimblett,"5' 10""",155 lbs.,"73.0""",Orthodox,22,3,0
Daniel Pineda,"5' 7""",145 lbs.,"69.0""",Orthodox,28,17,0
Jesus Pinedo,"5' 10""",155 lbs.,--,Southpaw,16,5,1
Pingyuan Liu,"5' 6""",135 lbs.,"72.0""",Orthodox,13,7,0
Luana Pinheiro,"5' 2""",115 lbs.,"62.0""",Orthodox,11,4,0
Mario Pinto,"6' 5""",265 lbs.,"79.0""",Orthodox,10,0,0
Gaetano Pirrello,"5' 7""",135 lbs.,"65.0""",Orthodox,15,7,1
Maki Pitolo,"5' 10""",185 lbs.,"75.0""",Orthodox,13,9,0
Dmitry Poberezhets,"6' 3""",237 lbs.,--,,24,5,1
Jamal Pogues,"6' 3""",205 lbs.,"77.0""",Orthodox,11,5,0
Ross Pointon,"5' 8""",170 lbs.,--,Orthodox,6,17,0
Dustin Poirier,"5' 9""",155 lbs.,"72.0""",Southpaw,30,9,0
Igor Pokrajac,"6' 0""",205 lbs.,"74.0""",Orthodox,28,13,0
John Polakowski,"5' 10""",155 lbs.,--,Orthodox,2,2,0
Julia Polastri,"5' 2""",115 lbs.,"63.0""",Orthodox,13,5,0
Brandon Polcare,--,125 lbs.,--,,1,1,0
Mike Polchlopek,"6' 4""",285 lbs.,--,Orthodox,1,1,0
Santiago Ponzinibbio,"6' 0""",170 lbs.,"73.0""",Orthodox,31,8,0
Grigory Popov,"5' 7""",135 lbs.,"68.0""",Switch,13,3,0
Alexander Poppeck,"6' 2""",205 lbs.,--,Orthodox,9,3,0
Felipe Portela,--,170 lbs.,--,,9,2,0
Parker Porter,"6' 0""",265 lbs.,"75.0""",Orthodox,14,9,0
Ihor Potieria,"6' 3""",185 lbs.,"75.0""",Southpaw,20,8,0
Callan Potter,"6' 0""",170 lbs.,"72.0""",Orthodox,18,9,0
Dylan Potter,"6' 2""",225 lbs.,"77.0""",Switch,10,6,0
Ruan Potts,"6' 2""",247 lbs.,"75.0""",Orthodox,11,6,0
Devin Powell,"6' 0""",155 lbs.,"73.0""",Orthodox,9,4,0
Marcin Prachnio,"6' 3""",205 lbs.,"74.0""",Orthodox,17,8,0
Wagner Prado,"6' 0""",205 lbs.,"74.0""",Southpaw,12,3,0
Francisco Prado,"5' 10""",170 lbs.,"69.0""",Orthodox,12,3,0
Trevor Prangley,"6' 1""",185 lbs.,"75.0""",Orthodox,34,11,2
Ricardo Prasel,"6' 7""",238 lbs.,"78.0""",Orthodox,10,2,0
Carlo Prater,"5' 11""",155 lbs.,"72.0""",Switch,31,18,1
Carlos Prates,"6' 1""",170 lbs.,"78.0""",Switch,21,6,0
Michel Prazeres,"5' 6""",170 lbs.,"67.0""",Orthodox,26,4,0
Philip Preece,"5' 8""",205 lbs.,--,Orthodox,10,14,0
Kyle Prepolec,"5' 10""",170 lbs.,"70.0""",Southpaw,12,7,0
Dorian Price,"6' 3""",170 lbs.,--,Southpaw,8,5,0
Chris Price,"6' 2""",185 lbs.,--,Southpaw,19,4,0
Niko Price,"6' 0""",170 lbs.,"76.0""",Orthodox,16,8,0
Shane Primm,"6' 3""",205 lbs.,--,Orthodox,5,5,0
Brent Primus,"5' 10""",155 lbs.,--,,8,0,0
Jiri Prochazka,"6' 3""",205 lbs.,"80.0""",Orthodox,31,5,1
Lara Procopio,"5' 4""",125 lbs.,"67.0""",Orthodox,7,2,0
Joe Proctor,"5' 10""",155 lbs.,"72.0""",Orthodox,11,5,0
Cole Province,"5' 9""",145 lbs.,"68.0""",Orthodox,6,2,0
Daniel Puder,"6' 3""",235 lbs.,--,Orthodox,8,0,0
Lucie Pudilova,"5' 8""",125 lbs.,"67.0""",Orthodox,14,10,0
Claudio Puelles,"5' 10""",155 lbs.,"72.0""",Southpaw,13,4,0
Juan Puerta,"5' 9""",125 lbs.,"71.0""",Southpaw,23,6,0
Bubba Pugh,"5' 10""",185 lbs.,--,,3,3,0
Juan Manuel Puig,"5' 9""",145 lbs.,--,Orthodox,11,4,0
Hugh Pulley,"6' 0""",155 lbs.,--,,6,3,0
Josh Pulsifer,"5' 10""",145 lbs.,--,,17,8,0
Jens Pulver,"5' 7""",145 lbs.,"70.0""",Southpaw,27,19,1
Andrey Pulyaev,"6' 4""",185 lbs.,"78.0""",Southpaw,9,3,0
CM Punk,"6' 1""",170 lbs.,"73.0""",Orthodox,0,1,0
Joe Pyfer,"6' 2""",185 lbs.,"75.0""",Orthodox,13,3,0
Mike Pyle,"6' 0""",170 lbs.,"74.0""",Orthodox,27,14,1
Pat Pytlik,"6' 0""",170 lbs.,"73.0""",Orthodox,9,2,0
Qiu Lun,"5' 8""",125 lbs.,"66.0""",Southpaw,16,9,0
Bao Quach,"5' 3""",145 lbs.,--,Orthodox,19,10,1
Gary Quan,"5' 8""",143 lbs.,--,,3,5,0
Billy Quarantillo,"5' 10""",145 lbs.,"70.0""",Orthodox,18,7,0
Nate Quarry,"6' 0""",185 lbs.,"72.0""",Open Stance,12,4,0
Vinicius Queiroz,"6' 7""",220 lbs.,--,Orthodox,8,4,0
Jimmy Quinlan,"6' 0""",185 lbs.,--,Orthodox,3,1,1
Josh Quinlan,"6' 0""",170 lbs.,"72.0""",Orthodox,6,3,0
Ryan Quinn,"5' 8""",145 lbs.,--,,13,7,1
Michel Quinones,"5' 10""",155 lbs.,"73.0""",Orthodox,8,3,0
Landon Quinones,"5' 9""",155 lbs.,"70.0""",Southpaw,7,3,1
Jose Quinonez,"5' 8""",135 lbs.,"69.0""",Southpaw,9,5,0
Cristian Quinonez,"5' 8""",135 lbs.,"70.0""",Orthodox,18,5,0
Benji Radach,"5' 10""",185 lbs.,--,Orthodox,21,7,0
Jordan Radev,"5' 7""",185 lbs.,--,Southpaw,23,5,0
Charles Radtke,"5' 9""",170 lbs.,"72.0""",Orthodox,10,4,0
Loik Radzhabov,"5' 11""",155 lbs.,"69.0""",Orthodox,18,6,1
Gilbert Rael,"5' 8""",155 lbs.,--,,1,3,0
Josh Rafferty,"6' 0""",170 lbs.,--,Orthodox,9,8,0
Amir Rahnavardi,"6' 0""",205 lbs.,--,Orthodox,11,10,0
Ricky Rainey,"6' 1""",170 lbs.,"77.0""",Switch,12,6,0
Shavkat Rakhmonov,"6' 1""",170 lbs.,"77.0""",Orthodox,19,0,0
Sora Rakhmonova,--,125 lbs.,--,,4,1,0
Aleksandar Rakic,"6' 4""",205 lbs.,"78.0""",Orthodox,14,5,0
Jessica Rakoczy,"5' 7""",115 lbs.,--,Orthodox,1,5,0
Zygimantas Ramaska,"5' 11""",145 lbs.,"71.0""",Orthodox,9,3,0
Thomas Ramirez,"6' 1""",410 lbs.,--,Sideways,0,1,0
Hector Ramirez,"6' 0""",205 lbs.,--,Orthodox,10,6,1
Matt Ramirez,"5' 5""",125 lbs.,--,,2,3,0
Steve Ramirez,"5' 7""",125 lbs.,--,,5,2,0
Amador Ramirez,--,135 lbs.,--,,5,4,0
Mitch Ramirez,"5' 11""",155 lbs.,"71.0""",Orthodox,8,2,0
Andrew Ramm,"6' 1""",160 lbs.,--,,4,4,0
Ian Rammel,"6' 0""",185 lbs.,--,,7,8,0
Luis Ramos,"5' 8""",170 lbs.,--,Orthodox,20,10,2
Ricardo Ramos,"5' 9""",145 lbs.,"72.0""",Orthodox,17,7,0
Davi Ramos,"5' 6""",155 lbs.,"70.0""",Orthodox,10,4,0
Dorian Ramos,"5' 8""",145 lbs.,"70.0""",Orthodox,8,3,0
Vernon Ramos Ho,"5' 6""",170 lbs.,--,Orthodox,3,1,0
Kevin Randleman,"5' 10""",205 lbs.,--,Orthodox,17,16,0
Raou Raou,"5' 8""",195 lbs.,--,Orthodox,0,1,0
Mitch Raposo,"5' 5""",125 lbs.,"64.0""",Switch,9,2,0
Hussain Rasouli,"5' 6""",135 lbs.,--,,2,3,0
David Rasouri,"5' 7""",155 lbs.,--,,2,3,0
Ed Ratcliff,"5' 10""",155 lbs.,"71.0""",Orthodox,7,3,0
Bec Rawlings,"5' 6""",125 lbs.,"64.0""",Orthodox,7,8,0
Gideon Ray,"5' 10""",185 lbs.,--,Southpaw,17,15,1
Joe Ray,--,170 lbs.,--,,13,0,0
Stevie Ray,"5' 10""",155 lbs.,"70.0""",Southpaw,23,9,0
Keenan Raymond,--,165 lbs.,--,,3,3,0
Iony Razafiarison,"5' 3""",145 lbs.,--,,2,1,0
Abdul Razak Alhassan,"5' 10""",185 lbs.,"73.0""",Orthodox,12,7,0
Antony Rea,"6' 0""",205 lbs.,--,Orthodox,33,15,0
Mateusz Rebecki,"5' 7""",155 lbs.,"66.0""",Southpaw,20,2,0
Rafael Rebello,"5' 5""",135 lbs.,"67.0""",Orthodox,9,4,0
Greg Rebello,"6' 0""",240 lbs.,"73.0""",Southpaw,24,8,0
Paul Redmond,"5' 10""",145 lbs.,--,Orthodox,12,7,0
Dennis Reed,--,205 lbs.,--,Orthodox,45,62,1
Karl Reed,"6' 3""",205 lbs.,"78.0""",Orthodox,6,1,0
Elise Reed,"5' 3""",115 lbs.,"63.0""",Orthodox,8,4,0
John Reedy,"5' 8""",155 lbs.,--,,11,6,0
Johnny Rees,"6' 0""",170 lbs.,--,Orthodox,13,5,0
James Reese,"5' 9""",155 lbs.,--,,11,10,0
Zachary Reese,"6' 4""",185 lbs.,"77.0""",Switch,8,2,0
Stephen Regman,"5' 11""",185 lbs.,"76.0""",Orthodox,9,4,0
Chad Reiner,"5' 11""",170 lbs.,--,Orthodox,33,18,0
Jason Reinhardt,"5' 6""",135 lbs.,--,Orthodox,20,3,0
Wilson Reis,"5' 4""",125 lbs.,"65.0""",Southpaw,23,10,0
Ben Reiter,"6' 3""",185 lbs.,--,,17,2,1
Goran Reljic,"6' 3""",205 lbs.,"81.0""",Southpaw,15,8,0
Leigh Remedios,"5' 7""",155 lbs.,--,Orthodox,18,10,2
Paulo Renato Junior,"6' 0""",205 lbs.,"73.0""",Orthodox,12,3,0
Chance Rencountre,"6' 2""",170 lbs.,"75.0""",Southpaw,14,4,0
Montserrat Rendon,"5' 8""",135 lbs.,"68.0""",Orthodox,6,1,0
Marion Reneau,"5' 6""",135 lbs.,"68.0""",Orthodox,9,8,1
Solomon Renfro,"5' 9""",170 lbs.,"72.0""",Switch,8,2,0
John Renken,"6' 0""",190 lbs.,--,Orthodox,18,28,4
Herman Renting,"6' 0""",215 lbs.,--,Switch,1,3,0
Marco Polo Reyes,"5' 11""",155 lbs.,"71.0""",Orthodox,8,7,0
Dominick Reyes,"6' 4""",205 lbs.,"77.0""",Southpaw,14,4,0
Alex Reyes,"5' 11""",155 lbs.,"73.0""",Orthodox,13,5,0
Kyle Reyes,"5' 8""",145 lbs.,--,,15,7,0
Victor Reyna,"5' 11""",170 lbs.,"74.0""",Southpaw,11,5,0
Gaston Reyno,"6' 0""",145 lbs.,--,,6,2,0
Johnny Rhodes,"6' 0""",210 lbs.,--,Orthodox,2,1,0
Mike Rhodes,"6' 1""",170 lbs.,"74.0""",Orthodox,10,5,0
Lucrezia Ria,"5' 6""",125 lbs.,--,Orthodox,8,2,0
Amanda Ribas,"5' 3""",115 lbs.,"66.0""",Orthodox,13,6,0
Vitor Ribeiro,"5' 8""",154 lbs.,--,Orthodox,20,5,0
Will Ribeiro,"5' 8""",135 lbs.,--,Orthodox,10,2,0
Claudio Ribeiro,"6' 1""",185 lbs.,"77.0""",Orthodox,11,5,0
Brendson Ribeiro,"6' 3""",205 lbs.,"81.0""",Orthodox,17,7,0
Esteban Ribovics,"5' 10""",155 lbs.,"69.0""",Orthodox,14,2,0
Mike Ricci,"6' 0""",155 lbs.,"76.0""",Southpaw,11,5,0
Alex Ricci,"5' 11""",155 lbs.,--,Orthodox,10,5,0
Tabatha Ricci,"5' 1""",115 lbs.,"61.0""",Orthodox,11,3,0
Matt Ricehouse,--,155 lbs.,--,,6,1,0
John Richard,--,205 lbs.,--,,3,5,1
Rex Richards,"6' 5""",265 lbs.,--,,7,2,0
Mike Richman,"5' 8""",135 lbs.,--,,18,7,0
Dave Rickels,"5' 11""",155 lbs.,--,,18,4,0
Haisam Rida,--,--,--,,0,0,0
Brad Riddell,"5' 7""",155 lbs.,"71.0""",Orthodox,10,4,0
Matthew Riddle,"6' 1""",170 lbs.,"76.0""",Southpaw,8,3,0
Joe Riggs,"6' 0""",185 lbs.,"70.0""",Southpaw,44,17,0
Jeremiah Riggs,"6' 0""",185 lbs.,--,,7,8,0
Aaron Riley,"5' 8""",155 lbs.,"69.0""",Southpaw,30,14,1
Jason Riley,"6' 6""",245 lbs.,--,,10,7,0
Luke Riley,--,145 lbs.,--,,9,0,0
Moise Rimbon,"5' 10""",205 lbs.,--,Orthodox,23,11,3
Jordan Rinaldi,"5' 10""",145 lbs.,"72.0""",Orthodox,14,7,0
Nick Ring,"6' 0""",185 lbs.,"74.0""",Southpaw,14,4,0
Robbie Ring,"5' 9""",145 lbs.,"68.0""",Orthodox,6,1,0
Mike Rio,"5' 10""",155 lbs.,"70.0""",Orthodox,10,5,0
Albert Rios,"5' 8""",145 lbs.,--,,13,6,0
Rafael Rios,--,150 lbs.,--,,4,2,0
Maria Rios,"5' 5""",125 lbs.,--,,2,3,0
Shannon Ritch,"5' 9""",190 lbs.,--,Orthodox,56,83,0
Diego Rivas,"5' 8""",145 lbs.,"69.0""",Orthodox,10,2,0
Jorge Rivera,"6' 1""",185 lbs.,"73.0""",Orthodox,20,9,0
Dante Rivera,"6' 1""",185 lbs.,--,Southpaw,16,7,0
Mario Rivera,"5' 10""",170 lbs.,--,,6,8,0
Francisco Rivera,"5' 8""",135 lbs.,"70.0""",Orthodox,11,7,0
Jonathan Rivera,--,155 lbs.,--,,4,2,0
Jimmie Rivera,"5' 4""",135 lbs.,"68.0""",Orthodox,23,5,0
Irwin Rivera,"5' 6""",135 lbs.,"67.0""",Southpaw,10,6,0
Jerome Rivera,"5' 10""",125 lbs.,"72.0""",Southpaw,10,6,0
Nicdali Rivera-Calanoc,"5' 3""",105 lbs.,--,,9,10,0
Pedro Rizzo,"6' 1""",241 lbs.,--,Orthodox,20,11,0
Theo Rlayang,"5' 7""",145 lbs.,"65.0""",Orthodox,5,1,0
Justin Robbins,"5' 5""",135 lbs.,--,,14,18,1
Kali Robbins,"5' 3""",115 lbs.,"63.0""",Orthodox,6,3,0
Karl Roberson,"6' 1""",205 lbs.,"74.0""",Southpaw,9,6,0
Andre Roberts,"6' 2""",345 lbs.,--,Orthodox,14,2,1
David Roberts,"6' 1""",170 lbs.,--,Orthodox,5,8,0
Joey Roberts,"6' 2""",200 lbs.,--,,4,3,0
Tyrone Roberts,"5' 9""",185 lbs.,--,Orthodox,43,12,1
Ryan Roberts,"5' 6""",155 lbs.,--,Orthodox,21,12,1
Taylor Roberts,"5' 11""",170 lbs.,--,,3,12,0
Daniel Roberts,"5' 10""",170 lbs.,"74.0""",Southpaw,15,7,0
Buddy Roberts,"6' 2""",185 lbs.,--,Orthodox,12,3,0
Danny Roberts,"6' 1""",170 lbs.,"74.0""",Southpaw,18,8,0
Roosevelt Roberts,"6' 2""",155 lbs.,"73.0""",Orthodox,12,6,0
Kenny Robertson,"5' 10""",170 lbs.,"74.0""",Orthodox,15,5,0
Gillian Robertson,"5' 5""",115 lbs.,"63.0""",Orthodox,15,8,0
Chad Robichaux,"5' 4""",135 lbs.,--,,13,2,0
Mark Robinson,"6' 0""",265 lbs.,--,Orthodox,1,0,0
Colin Robinson,"6' 4""",243 lbs.,--,Orthodox,10,12,0
Alvin Robinson,"5' 9""",155 lbs.,"68.0""",Southpaw,15,9,0
Damonte Robinson,"6' 0""",155 lbs.,"77.0""",,6,1,1
Vagner Rocha,"5' 10""",155 lbs.,"73.0""",Orthodox,14,4,0
Carlos Eduardo Rocha,"5' 10""",170 lbs.,"73.0""",Orthodox,9,4,0
Pedro Rocha,--,--,--,,1,0,0
Lucas Rocha,"5' 3""",125 lbs.,"64.0""",Orthodox,17,2,0
Keith Rockel,"6' 0""",185 lbs.,--,Orthodox,12,4,1
Luke Rockhold,"6' 3""",185 lbs.,"77.0""",Southpaw,16,6,0
Kevin Roddy,"5' 11""",145 lbs.,--,,15,16,1
Gregory Rodrigues,"6' 3""",185 lbs.,"75.0""",Orthodox,16,6,0
Kleydson Rodrigues,"5' 5""",135 lbs.,"67.0""",Orthodox,8,4,0
Paul Rodriguez,"5' 7""",155 lbs.,--,Orthodox,10,9,2
Ricco Rodriguez,"6' 4""",265 lbs.,--,Orthodox,53,25,0
Manuel Rodriguez,"5' 9""",170 lbs.,--,Orthodox,11,5,0
Yair Rodriguez,"5' 11""",145 lbs.,"71.0""",Orthodox,16,5,0
Mike Rodriguez,"6' 4""",205 lbs.,"82.0""",Southpaw,11,7,0
Marina Rodriguez,"5' 6""",115 lbs.,"65.0""",Orthodox,17,5,2
Daniel Rodriguez,"6' 1""",170 lbs.,"74.0""",Southpaw,18,5,0
Ray Rodriguez,"5' 7""",135 lbs.,"70.0""",Orthodox,16,8,0
Ronaldo Rodriguez,"5' 6""",125 lbs.,"65.0""",Orthodox,17,3,0
Drako Rodriguez,"5' 8""",135 lbs.,"69.0""",Orthodox,7,3,0
Victor Rodriguez,"5' 5""",125 lbs.,"67.0""",Switch,7,4,0
Piera Rodriguez,"5' 3""",115 lbs.,"63.0""",Orthodox,10,2,0
Christian Rodriguez,"5' 7""",145 lbs.,"71.0""",Orthodox,12,3,0
Pete Rodriguez,"5' 9""",170 lbs.,"71.0""",Switch,5,2,0
Nick Roehrick,"6' 2""",205 lbs.,--,Orthodox,7,1,0
Marcos Rogerio de Lima,"6' 1""",253 lbs.,"75.0""",Orthodox,22,10,1
Brett Rogers,"6' 5""",265 lbs.,"81.0""",Orthodox,17,10,0
Brian Rogers,"5' 11""",185 lbs.,--,,14,9,0
Pete Rogers Jr.,"6' 0""",145 lbs.,--,,2,4,0
Max Rohskopf,"6' 1""",155 lbs.,"71.0""",Orthodox,5,1,0
Marcelo Rojo,"5' 8""",145 lbs.,"71.0""",Orthodox,16,10,0
Shane Roller,"5' 10""",155 lbs.,"72.0""",Orthodox,11,7,0
Jared Rollins,"5' 9""",170 lbs.,--,Orthodox,8,4,0
Tim Roman,"6' 1""",170 lbs.,--,,3,4,0
Alexandr Romanov,"6' 2""",262 lbs.,"75.0""",Southpaw,18,3,0
Ricardo Romero,"6' 0""",205 lbs.,"76.0""",Orthodox,11,3,0
Yoel Romero,"6' 0""",185 lbs.,"73.0""",Southpaw,13,5,0
Anthony Romero,"5' 11""",155 lbs.,"70.0""",Orthodox,8,0,0
Kaleio Romero,"5' 10""",145 lbs.,"69.0""",Switch,6,2,0
Roberto Romero,"5' 8""",145 lbs.,"70.0""",Orthodox,8,4,1
Mara Romero Borella,"5' 6""",125 lbs.,"69.0""",Orthodox,12,9,0
Cortavious Romious,"5' 4""",135 lbs.,"68.0""",Southpaw,9,3,0
Juancamilo Ronderos,"5' 3""",125 lbs.,"64.0""",Southpaw,4,2,0
 Rongzhu,"5' 9""",155 lbs.,"71.0""",Orthodox,26,6,0
Jesse Ronson,"5' 10""",155 lbs.,"70.0""",Southpaw,21,12,0
George Roop,"6' 1""",135 lbs.,"72.0""",Orthodox,15,13,1
Joao Roque,"5' 6""",155 lbs.,--,Orthodox,7,2,4
Aaron Rosa,"6' 4""",205 lbs.,"77.0""",Orthodox,18,6,0
Charles Rosa,"5' 9""",145 lbs.,"69.0""",Switch,14,8,0
Karol Rosa,"5' 5""",135 lbs.,"67.0""",Orthodox,18,7,0
Jacob Rosales,"5' 11""",155 lbs.,"74.0""",Orthodox,13,7,0
Raul Rosas Jr.,"5' 9""",135 lbs.,"67.0""",Switch,11,1,0
Hilarie Rose,"5' 3""",115 lbs.,"63.0""",Orthodox,4,2,0
Jake Rosholt,"6' 1""",185 lbs.,--,Orthodox,12,5,0
Jared Rosholt,"6' 2""",265 lbs.,"75.0""",Orthodox,14,4,0
Kevin Rosier,"6' 4""",275 lbs.,--,Orthodox,2,6,0
Zach Rosol,--,243 lbs.,--,,3,2,0
Shannon Ross,"5' 6""",125 lbs.,"66.0""",Switch,13,9,0
Nick Rossborough,"6' 5""",205 lbs.,--,,26,19,1
Kristian Rothaermel,"6' 0""",205 lbs.,--,Open Stance,4,3,0
Ben Rothwell,"6' 4""",265 lbs.,"78.0""",Orthodox,39,14,0
Rick Roufus,"6' 0""",207 lbs.,--,Southpaw,4,6,0
Khalil Rountree Jr.,"6' 1""",205 lbs.,"76.0""",Southpaw,14,6,0
Ronda Rousey,"5' 7""",135 lbs.,"66.0""",Orthodox,12,2,0
Ray Routh,"5' 8""",185 lbs.,--,Orthodox,2,1,0
Roberta Rovel,"5' 8""",145 lbs.,--,,4,1,0
Phil Rowe,"6' 3""",170 lbs.,"80.0""",Orthodox,10,5,0
Cam Rowston,"6' 2""",185 lbs.,"78.0""",Orthodox,8,3,0
Kain Royer,--,185 lbs.,--,,2,2,0
Brad Royster,--,135 lbs.,--,,1,2,0
Brandon Royval,"5' 9""",125 lbs.,"68.0""",Southpaw,17,7,0
Jairzinho Rozenstruik,"6' 2""",242 lbs.,"78.0""",Orthodox,15,6,0
Mauricio Rua,"6' 1""",205 lbs.,"76.0""",Orthodox,27,14,1
Murilo Rua,"5' 11""",185 lbs.,--,Orthodox,20,13,1
Marco Ruas,"6' 1""",210 lbs.,--,Orthodox,9,4,2
Rodrigo Ruas,"5' 10""",185 lbs.,--,Orthodox,4,5,1
Rodolfo Rubio Perez,"5' 5""",145 lbs.,--,Orthodox,10,16,1
Gabe Ruediger,"5' 10""",155 lbs.,--,Orthodox,18,8,0
Mauricio Ruffy,"5' 11""",155 lbs.,"75.0""",Orthodox,12,1,0
Eddie Ruiz,"5' 7""",155 lbs.,--,Orthodox,1,1,0
Anthony Ruiz,"6' 2""",205 lbs.,--,Orthodox,33,22,0
Paul Ruiz,"5' 6""",135 lbs.,--,,7,4,0
Montserrat Conejo Ruiz,"5' 0""",115 lbs.,"61.0""",Southpaw,10,4,0
Mike Russow,"6' 1""",255 lbs.,"73.0""",Orthodox,15,3,0
Bas Rutten,"6' 1""",205 lbs.,--,Orthodox,28,4,1
Mashrabjon Ruzibaev,"5' 8""",155 lbs.,"67.0""",Orthodox,20,4,1
Nursulton Ruziboev,"6' 5""",185 lbs.,"76.0""",Orthodox,35,9,2
Casey Ryan,--,185 lbs.,--,,7,3,0
Yusup Saadulaev,"5' 6""",135 lbs.,--,,16,4,1
Cameron Saaiman,"5' 8""",135 lbs.,"67.0""",Southpaw,9,2,0
Pete Sabala,--,135 lbs.,--,,3,15,0
Danny Sabatello,"5' 10""",135 lbs.,"71.0""",Orthodox,9,1,0
Pat Sabatini,"5' 8""",145 lbs.,"70.0""",Orthodox,19,5,0
Amir Sadollah,"5' 10""",170 lbs.,"75.0""",Orthodox,6,5,0
Nazim Sadykhov,"5' 10""",155 lbs.,"69.0""",Southpaw,10,1,1
Frankie Saenz,"5' 6""",135 lbs.,"66.0""",Orthodox,13,7,0
Saparbeg Safarov,"6' 1""",185 lbs.,"78.0""",Orthodox,9,3,0
Tarec Saffiedine,"5' 10""",170 lbs.,"70.0""",Switch,16,7,0
Jason Saggo,"5' 11""",155 lbs.,"71.0""",Orthodox,12,4,0
Kiru Sahota,"5' 10""",125 lbs.,"73.0""",Orthodox,12,3,0
Tatsuya Saika,"6' 0""",155 lbs.,"73.0""",Orthodox,11,5,0
Benoit Saint Denis,"5' 11""",155 lbs.,"73.0""",Southpaw,13,3,0
Ovince Saint Preux,"6' 3""",205 lbs.,"80.0""",Southpaw,27,18,0
Lukasz Sajewski,"5' 8""",155 lbs.,"71.0""",Orthodox,13,3,0
Yukio Sakaguchi,"5' 9""",185 lbs.,--,Orthodox,6,7,0
Augusto Sakai,"6' 3""",265 lbs.,"77.0""",Orthodox,16,5,1
Alessio Sakara,"6' 0""",185 lbs.,"72.0""",Orthodox,19,11,0
Wataru Sakata,"5' 9""",195 lbs.,--,Southpaw,11,14,0
Gokhan Saki,"6' 0""",205 lbs.,"73.0""",Orthodox,1,2,0
Kazushi Sakuraba,"6' 0""",185 lbs.,--,Southpaw,26,17,1
Hayato Sakurai,"5' 7""",168 lbs.,--,Orthodox,38,13,2
Ryuta Sakurai,"5' 7""",183 lbs.,--,Orthodox,24,24,6
Justin Salas,"5' 8""",155 lbs.,"70.0""",Southpaw,12,7,0
Ivan Salaverry,"6' 0""",185 lbs.,--,Orthodox,14,9,0
Roman Salazar,"5' 7""",135 lbs.,--,Orthodox,10,6,0
Luis Saldana,"5' 11""",145 lbs.,"73.0""",Orthodox,16,7,1
John Salgado,"5' 10""",170 lbs.,--,,4,8,1
Muslim Salikhov,"5' 11""",170 lbs.,"70.0""",Orthodox,21,5,0
Gabriel Salinas-Jones,"6' 1""",245 lbs.,--,,5,2,1
Brandon Saling,"5' 10""",170 lbs.,--,,8,6,0
Quillan Salkilld,"6' 0""",155 lbs.,"75.0""",Orthodox,8,1,0
Sean Salmon,"5' 10""",185 lbs.,--,Southpaw,18,21,0
Boston Salmon,"5' 9""",135 lbs.,"69.0""",Southpaw,6,3,0
John Salter,"6' 1""",185 lbs.,"74.0""",Southpaw,14,3,0
Vinicius Salvador,"5' 7""",135 lbs.,"70.0""",Southpaw,14,7,0
Dylan Salvador,"5' 9""",155 lbs.,"69.0""",Southpaw,5,2,0
Josh Samman,"6' 3""",185 lbs.,"79.0""",Orthodox,13,4,0
Johnny Sampaio,"5' 8""",170 lbs.,--,Orthodox,3,1,0
Josh Sampo,"5' 4""",125 lbs.,"64.0""",Orthodox,11,5,0
Josh San Diego,"5' 10""",135 lbs.,--,,8,3,0
Diego Sanchez,"5' 10""",170 lbs.,"72.0""",Southpaw,31,13,0
Eddie Sanchez,"6' 2""",230 lbs.,"74.0""",Orthodox,15,8,0
Julian Sanchez,"6' 3""",300 lbs.,--,Orthodox,0,1,0
Bobby Sanchez,"5' 7""",155 lbs.,--,Orthodox,10,35,0
Donald Sanchez,"5' 10""",145 lbs.,--,,31,17,0
Joby Sanchez,"5' 6""",135 lbs.,"68.0""",Orthodox,11,4,0
Emmanuel Sanchez,"5' 9""",145 lbs.,"71.0""",,15,3,0
Erick Sanchez,"5' 10""",145 lbs.,--,,8,3,0
Andrew Sanchez,"6' 1""",185 lbs.,"74.0""",Orthodox,13,7,0
Robert Sanchez,"5' 6""",125 lbs.,"66.0""",Orthodox,8,2,0
Jesse Sanders,"6' 0""",170 lbs.,--,Orthodox,23,7,0
Luke Sanders,"5' 6""",135 lbs.,"67.0""",Southpaw,13,5,0
Jerrod Sanders,"5' 8""",135 lbs.,"72.0""",Orthodox,16,3,0
Cory Sandhagen,"5' 11""",135 lbs.,"70.0""",Switch,17,5,0
Hugo Sandoval,--,135 lbs.,--,,2,3,0
Raul Sandoval,--,130 lbs.,--,,3,3,0
Joseph Sandoval,"5' 7""",135 lbs.,--,Southpaw,7,7,0
Hector Sandoval,"5' 2""",125 lbs.,"64.0""",Orthodox,14,4,0
Chris Sanford,"5' 11""",185 lbs.,--,Orthodox,5,1,0
Roldan Sangcha'an,"5' 4""",125 lbs.,--,Orthodox,4,2,0
Yuhi Sano,"5' 11""",243 lbs.,--,Orthodox,0,4,0
Martin Sano,"5' 11""",170 lbs.,"75.0""",Orthodox,4,3,1
Jonathan Santa Maria,"5' 9""",125 lbs.,--,,3,4,0
Duda Santana,"5' 7""",145 lbs.,"73.0""",Orthodox,3,1,0
Shaheen Santana,"6' 1""",155 lbs.,"75.0""",Orthodox,6,1,0
Sean Santella,"5' 5""",125 lbs.,--,,17,6,1
Jorge Santiago,"6' 1""",170 lbs.,"75.0""",Orthodox,25,12,0
Mike Santiago,"5' 10""",145 lbs.,"69.0""",Orthodox,19,12,0
Will Santiago,"5' 7""",185 lbs.,--,Orthodox,9,5,0
Richie Santiago,"5' 7""",135 lbs.,"67.0""",Southpaw,7,2,0
Jose Santibanez,--,155 lbs.,--,,10,3,0
Art Santore,"6' 2""",185 lbs.,--,,18,8,0
Adriano Santos,--,--,--,,0,1,0
Paulo Santos,--,--,--,,0,3,0
Evangelista Santos,"5' 10""",170 lbs.,"76.0""",Orthodox,21,18,0
Luis Santos,"6' 1""",170 lbs.,--,Southpaw,63,10,1
Iliarde Santos,"5' 5""",125 lbs.,"67.0""",Orthodox,30,13,1
Leonardo Santos,"6' 0""",155 lbs.,"75.0""",Orthodox,18,7,1
Thiago Santos,"6' 2""",205 lbs.,"76.0""",Orthodox,22,11,0
Bruno Santos,"5' 9""",185 lbs.,--,Orthodox,15,2,0
Andre Santos,"6' 0""",170 lbs.,--,,38,10,0
Gleristone Santos,"5' 9""",145 lbs.,--,,33,7,0
Yana Santos,"5' 6""",135 lbs.,"68.0""",Orthodox,15,8,0
Taila Santos,"5' 6""",125 lbs.,"68.0""",Orthodox,19,3,0
Marilia Santos,"5' 4""",125 lbs.,--,Orthodox,10,3,0
Edivan Santos,"6' 4""",248 lbs.,"78.0""",Orthodox,12,3,1
Daniel Santos,"5' 7""",135 lbs.,"67.0""",Orthodox,12,2,0
Gabriel Santos,"5' 9""",145 lbs.,"70.0""",Orthodox,12,2,0
Luana Santos,"5' 6""",125 lbs.,"67.0""",Orthodox,8,2,0
Djorden Santos,"6' 0""",185 lbs.,"75.0""",Orthodox,10,2,0
Mairon Santos,"5' 7""",145 lbs.,"72.0""",Orthodox,16,1,0
Nick Sanzo,"5' 9""",190 lbs.,--,,1,1,0
Bob Sapp,"6' 5""",350 lbs.,--,Orthodox,11,20,0
Daniel Sarafian,"5' 9""",185 lbs.,"73.0""",Orthodox,10,6,0
Jeka Saragih,"5' 8""",145 lbs.,"69.0""",Orthodox,14,4,0
Diego Saraiva,"5' 6""",155 lbs.,--,Orthodox,22,20,1
Harris Sarmiento,"5' 9""",155 lbs.,--,Orthodox,36,26,0
Alexander Sarnavskiy,"5' 11""",155 lbs.,--,,35,6,0
Yuki Sasaki,"6' 2""",185 lbs.,--,Orthodox,25,22,2
Kyosuke Sasaki,"5' 7""",183 lbs.,--,Southpaw,3,7,4
Yuta Sasaki,"5' 10""",125 lbs.,"71.0""",Southpaw,21,6,2
Paul Sass,"6' 0""",155 lbs.,"73.0""",Orthodox,14,2,0
Keisuke Sasu,"5' 5""",145 lbs.,"69.0""",Switch,11,3,1
Masaaki Satake,"6' 1""",220 lbs.,--,Orthodox,1,8,1
Takenori Sato,"5' 10""",170 lbs.,--,Southpaw,19,11,7
Takashi Sato,"5' 10""",170 lbs.,"73.0""",Southpaw,16,7,0
Uran Satybaldiev,--,205 lbs.,--,,7,1,0
Jeimeson Saudino,"5' 6""",135 lbs.,--,,8,5,0
Tom Sauer,"6' 1""",263 lbs.,--,,25,12,0
Townsend Saunders,"5' 5""",170 lbs.,--,Orthodox,0,2,0
Ben Saunders,"6' 2""",170 lbs.,"77.0""",Orthodox,22,13,2
Chad W. Saunders,"5' 10""",170 lbs.,--,Orthodox,7,2,0
Chris Saunders,"5' 8""",155 lbs.,--,,16,8,0
Christien Savoie,"5' 11""",170 lbs.,"72.0""",Orthodox,10,2,1
Lumumba Sayers,"6' 0""",185 lbs.,--,,6,5,0
Matt Sayles,"5' 7""",155 lbs.,"68.0""",Orthodox,8,4,0
Brandon Sayles,"6' 5""",265 lbs.,--,,5,1,0
Mikheil Sazhiniani,"6' 0""",205 lbs.,"71.0""",Orthodox,13,3,0
Mark Scanlon,"5' 9""",170 lbs.,--,Orthodox,9,2,0
Eric Schafer,"6' 3""",185 lbs.,"76.0""",Orthodox,14,8,2
Kerry Schall,"6' 2""",265 lbs.,--,Orthodox,24,13,0
Eric Schambari,"5' 11""",185 lbs.,--,Orthodox,15,6,0
Brendan Schaub,"6' 4""",245 lbs.,"78.0""",Orthodox,10,5,0
Matheus Scheffel,"6' 2""",205 lbs.,"75.0""",Orthodox,14,7,0
Antonio Schembri,"5' 9""",205 lbs.,--,Orthodox,5,5,0
Fabiano Scherner,"6' 3""",257 lbs.,--,Orthodox,11,10,0
Samy Schiavo,"5' 8""",155 lbs.,--,Orthodox,10,6,0
Pat Schilling,"5' 8""",145 lbs.,--,Orthodox,5,2,0
Joe Schilling,"6' 3""",185 lbs.,--,,2,5,0
Semmy Schilt,"6' 10""",265 lbs.,--,Orthodox,26,14,1
Adam Schindler,"5' 8""",155 lbs.,--,,10,6,0
Daniel Schmitt,--,185 lbs.,--,,2,3,0
Colleen Schneider,--,135 lbs.,--,,11,7,0
Matt Schnell,"5' 8""",125 lbs.,"70.0""",Orthodox,16,9,0
Alex Schoenauer,"6' 3""",185 lbs.,--,Orthodox,15,10,0
Bailey Schoenfelder,"6' 3""",265 lbs.,"76.0""",Orthodox,5,1,0
Darrill Schoonover,"6' 2""",220 lbs.,--,Orthodox,14,8,0
Bob Schrijber,"6' 0""",240 lbs.,--,Orthodox,20,17,1
Nate Schroeder,"6' 1""",230 lbs.,--,,11,10,0
Lacey Schuckman,"5' 3""",125 lbs.,--,,11,10,0
Mark Schultz,"5' 9""",200 lbs.,--,Orthodox,1,1,0
Wes Schultz,"6' 2""",185 lbs.,"77.0""",Orthodox,6,2,0
Brian Schwartz,"6' 3""",170 lbs.,--,Orthodox,1,1,0
Eric Schwartz,--,205 lbs.,--,,2,0,0
Justin Scoggins,"5' 7""",125 lbs.,"66.0""",Southpaw,11,5,0
Brad Scott,"6' 1""",170 lbs.,"76.0""",Orthodox,11,6,0
Greg Scott,"5' 9""",145 lbs.,--,,3,4,0
Louis Lee Scott,--,135 lbs.,--,,8,0,0
Zachary Scroggin,"6' 3""",170 lbs.,"74.0""",Orthodox,7,1,0
Mike Seal,"6' 4""",185 lbs.,--,Orthodox,13,15,1
Matt Secor,"6' 0""",170 lbs.,--,,8,4,0
Kenneth Seegrist,"6' 0""",185 lbs.,--,Orthodox,4,7,0
Neil Seery,"5' 4""",125 lbs.,"64.0""",Orthodox,16,13,0
Rony Sefo,"5' 9""",225 lbs.,--,Orthodox,0,2,0
Ray Sefo,"6' 0""",240 lbs.,--,Orthodox,2,2,0
Brendan Seguin,"6' 0""",185 lbs.,--,,23,19,1
Tetsuya Seki,"5' 10""",155 lbs.,--,,14,8,1
Stefan Sekulic,"6' 0""",170 lbs.,"75.0""",Southpaw,12,4,0
Pete Sell,"5' 11""",170 lbs.,"75.0""",Orthodox,10,7,0
Matthew Semelsberger,"6' 1""",170 lbs.,"75.0""",Switch,11,8,0
Andrei Semenov,"6' 0""",185 lbs.,--,Orthodox,34,9,2
Mackens Semerzier,"5' 9""",145 lbs.,"72.0""",Orthodox,8,4,0
Brandon Sene,"5' 11""",205 lbs.,--,,2,2,0
YeDam Seo,"5' 3""",115 lbs.,"63.0""",Orthodox,7,4,0
Kim In Seok,"5' 6""",145 lbs.,--,Orthodox,3,6,0
Ray Seraille,"6' 3""",246 lbs.,--,,8,9,0
Ivan Serati,"6' 0""",205 lbs.,--,Orthodox,12,4,0
Alex Serdyukov,"6' 2""",170 lbs.,"74.0""",Orthodox,8,5,0
Nicholas Sergiacomi,--,170 lbs.,--,,1,1,0
Matt Serra,"5' 6""",170 lbs.,"68.0""",Orthodox,11,7,0
Nick Serra,"5' 9""",170 lbs.,--,Orthodox,7,3,0
Adrian Serrano,"5' 8""",170 lbs.,--,,56,29,4
Fredy Serrano,"5' 3""",125 lbs.,"65.0""",Orthodox,3,2,0
Carl Seumanutafa,"6' 1""",255 lbs.,--,Orthodox,10,8,0
Igor Severino,"5' 7""",125 lbs.,"69.0""",Orthodox,8,1,0
Dan Severn,"6' 2""",250 lbs.,--,Southpaw,101,19,1
Rosi Sexton,"5' 3""",135 lbs.,--,Orthodox,13,5,0
Scott Shaffer,"5' 7""",145 lbs.,--,Orthodox,0,1,0
Edmen Shahbazyan,"6' 2""",185 lbs.,"74.0""",Orthodox,14,5,0
Leon Shahbazyan,"6' 4""",170 lbs.,"74.0""",Orthodox,7,2,0
Don Shainis,"5' 6""",145 lbs.,"67.0""",Orthodox,12,5,0
Liliya Shakirova,"5' 4""",125 lbs.,"65.0""",Orthodox,8,2,0
Kamal Shalorus,"5' 8""",155 lbs.,"68.0""",Orthodox,9,5,2
Ken Shamrock,"6' 1""",205 lbs.,"72.0""",Orthodox,28,17,2
Frank Shamrock,"5' 10""",185 lbs.,--,Orthodox,23,10,2
Shang Zhifa,"5' 7""",125 lbs.,"63.0""",Orthodox,32,8,0
Sean Sharaf,"6' 3""",252 lbs.,"77.0""",Orthodox,4,1,0
Priya Sharma,"5' 1""",115 lbs.,"59.0""",Orthodox,5,2,0
Jason Sharp,--,205 lbs.,--,,3,3,0
Eric Shelton,"5' 6""",125 lbs.,"68.0""",Orthodox,12,6,0
Sean Sherk,"5' 6""",155 lbs.,"67.0""",Orthodox,36,4,1
Chase Sherman,"6' 4""",250 lbs.,"78.0""",Orthodox,16,12,0
Valentina Shevchenko,"5' 5""",125 lbs.,"66.0""",Southpaw,24,4,1
Antonina Shevchenko,"5' 8""",125 lbs.,"67.0""",Southpaw,10,4,0
Shi Ming,"5' 2""",115 lbs.,"60.0""",Orthodox,17,5,0
Katsuyori Shibata,"6' 0""",168 lbs.,--,Orthodox,4,11,1
Jake Shields,"6' 0""",170 lbs.,"72.0""",Orthodox,31,9,1
Henrique Shiguemoto,"5' 11""",185 lbs.,"72.0""",Orthodox,13,4,1
Shunichi Shimizu,"5' 5""",135 lbs.,--,Orthodox,30,18,11
Wade Shipp,"6' 3""",245 lbs.,--,Orthodox,11,5,0
Raja Shippen,"5' 6""",145 lbs.,--,,18,11,1
Yuya Shirai,"5' 8""",168 lbs.,--,Orthodox,26,14,2
Wes Shivers,"6' 8""",--,--,,7,1,0
Alexander Shlemenko,"5' 11""",185 lbs.,--,,56,9,0
Josh Shockley,"6' 1""",155 lbs.,--,Orthodox,11,4,0
Josh Shockman,"6' 4""",235 lbs.,--,Southpaw,6,3,0
Akira Shoji,"5' 8""",195 lbs.,--,Orthodox,14,17,5
Liudvik Sholinian,"5' 10""",135 lbs.,"71.0""",Orthodox,9,4,1
Jack Shore,"5' 8""",145 lbs.,"71.0""",Orthodox,17,3,0
Landon Showalter,"6' 0""",185 lbs.,--,,11,19,1
Ivan Shtyrkov,"6' 0""",205 lbs.,"74.0""",Orthodox,15,0,1
Brandon Shuey,"5' 7""",155 lbs.,--,Orthodox,7,6,0
Ronal Siahaan,"5' 7""",125 lbs.,"71.0""",Southpaw,7,1,0
Sam Sicilia,"5' 8""",145 lbs.,"67.0""",Orthodox,15,8,0
Kiril Sidelnikov,"5' 11""",230 lbs.,--,,11,4,0
Serhiy Sidey,"5' 11""",135 lbs.,"72.0""",Switch,11,2,0
Steven Siler,"5' 11""",145 lbs.,"70.0""",Orthodox,29,16,0
Siala Siliga,"6' 1""",290 lbs.,--,Orthodox,12,5,0
Xavier Siller,"5' 5""",125 lbs.,--,,5,5,0
Assuerio Silva,"5' 10""",241 lbs.,--,Orthodox,16,8,0
Anderson Silva,"6' 2""",185 lbs.,"77.0""",Southpaw,34,11,0
Wanderlei Silva,"5' 11""",205 lbs.,"74.0""",Orthodox,35,13,1
Thiago Silva,"6' 2""",205 lbs.,"74.0""",Orthodox,19,6,0
Paulo Cesar Silva,"7' 5""",385 lbs.,--,Orthodox,2,6,0
Jean Silva,"5' 6""",160 lbs.,--,Orthodox,19,12,3
Edson Silva,--,205 lbs.,--,Orthodox,14,12,0
Sidney Silva,"6' 3""",170 lbs.,--,Southpaw,8,4,0
Jay Silva,"6' 2""",185 lbs.,--,Southpaw,10,11,1
Antonio Silva,"6' 4""",264 lbs.,"82.0""",Orthodox,19,12,1
Fabio Silva,"5' 11""",205 lbs.,--,Orthodox,1,8,0
Erick Silva,"6' 0""",170 lbs.,"74.0""",Orthodox,19,9,0
Leandro Silva,"5' 9""",155 lbs.,"72.0""",Orthodox,20,6,1
Claudio Silva,"5' 11""",170 lbs.,"71.0""",Southpaw,14,4,0
Wagner Silva,"6' 0""",170 lbs.,--,Orthodox,6,3,0
Rafael Silva,"5' 7""",135 lbs.,--,,28,6,0
Joaquim Silva,"5' 8""",155 lbs.,"69.0""",Southpaw,13,6,0
Felipe Silva,"6' 0""",155 lbs.,"77.0""",Orthodox,8,2,0
Dayana Silva,"5' 7""",135 lbs.,--,Orthodox,7,4,0
Bruno Silva,"5' 4""",125 lbs.,"65.0""",Orthodox,14,6,2
Bruno Silva,"6' 0""",185 lbs.,"74.0""",Orthodox,23,12,0
Gabriel Silva,"5' 6""",135 lbs.,"71.0""",Orthodox,8,2,0
Jacob Silva,"5' 5""",125 lbs.,"67.0""",Orthodox,6,4,0
Natalia Silva,"5' 4""",125 lbs.,"65.0""",Southpaw,18,5,1
Jansey Silva,"6' 2""",185 lbs.,"67.0""",Orthodox,7,2,0
Maria Silva,"5' 3""",115 lbs.,"64.0""",Orthodox,8,1,0
Karine Silva,"5' 5""",125 lbs.,"67.0""",Orthodox,18,5,0
Erik Silva,"5' 9""",145 lbs.,"71.0""",Orthodox,9,3,0
Janaina Silva,"5' 1""",115 lbs.,"60.0""",Orthodox,5,1,0
Jhonata Silva,"5' 5""",125 lbs.,"66.0""",Orthodox,8,2,0
Jean Silva,"5' 7""",145 lbs.,"69.0""",Orthodox,15,2,0
Danny Silva,"5' 11""",145 lbs.,"70.0""",Switch,10,1,0
Douglas Silva de Andrade,"5' 7""",135 lbs.,"68.0""",Orthodox,29,6,0
Leonardo Silva de Oliveira,"6' 2""",185 lbs.,--,Orthodox,12,4,0
Marcus Silveira,"6' 3""",242 lbs.,--,Orthodox,6,4,0
Elias Silverio,"5' 11""",155 lbs.,"73.0""",Orthodox,13,3,0
Sim Kai Xiong,"5' 5""",125 lbs.,"66.0""",Orthodox,5,1,0
Jamey Simmons,"5' 6""",135 lbs.,"70.0""",Orthodox,7,4,0
Ricky Simon,"5' 6""",135 lbs.,"69.0""",Orthodox,21,6,0
Aaron Simpson,"6' 0""",170 lbs.,"73.0""",Orthodox,12,5,0
Wes Sims,"6' 10""",260 lbs.,--,Orthodox,24,14,1
Marlon Sims,--,170 lbs.,--,,3,4,0
Tony Sims,"5' 11""",155 lbs.,"70.0""",Southpaw,12,4,0
Everett Sims,"6' 5""",260 lbs.,"77.0""",Southpaw,4,1,0
Lodune Sincaid,"5' 9""",185 lbs.,--,Orthodox,15,9,0
Rob Sinclair,"5' 8""",155 lbs.,--,,13,5,0
Rory Singer,"6' 2""",185 lbs.,"77.0""",Orthodox,11,9,0
Rana Rudra Pratap Singh,"5' 10""",135 lbs.,"69.0""",Orthodox,11,2,0
Kiran Singh,"5' 1""",115 lbs.,"65.0""",Orthodox,7,4,0
Elvis Sinosic,"6' 3""",205 lbs.,"77.0""",Orthodox,7,11,2
Mitchell Sipe,"6' 2""",245 lbs.,--,Orthodox,4,1,0
Gian Siqueira,"6' 1""",170 lbs.,"74.0""",Orthodox,19,5,0
Jeremia Siregar,"5' 2""",125 lbs.,"63.0""",Orthodox,6,3,0
AJ Siscoe,"5' 7""",135 lbs.,--,,1,2,0
Yokthai Sithoar,"5' 7""",143 lbs.,--,,0,1,0
Jeri Sitzes,"5' 5""",125 lbs.,--,,3,1,0
Dennis Siver,"5' 6""",145 lbs.,"70.0""",Orthodox,23,11,0
Chas Skelly,"5' 11""",145 lbs.,"72.0""",Orthodox,19,3,0
Matt Skelton,"6' 3""",265 lbs.,--,Orthodox,0,1,0
Zach Skinner,"5' 6""",145 lbs.,--,Orthodox,10,11,0
Brian Sleeman,"5' 8""",185 lbs.,--,,9,9,1
Joe Slick,"6' 0""",199 lbs.,--,Orthodox,16,5,3
Ray Sloan,"6' 1""",205 lbs.,--,,8,1,0
Kestutis Smirnovas,"5' 10""",200 lbs.,--,Orthodox,24,8,2
Maurice Smith,"6' 2""",221 lbs.,--,Orthodox,12,14,0
Patrick Smith,"6' 2""",225 lbs.,--,Orthodox,20,17,0
Scott Smith,"6' 0""",185 lbs.,"70.0""",Orthodox,18,11,0
Eric Smith,--,--,--,Southpaw,1,1,0
Josh Smith,"6' 0""",155 lbs.,--,Orthodox,9,8,0
David Smith,--,155 lbs.,--,,5,1,0
Adam Smith,--,--,--,,0,3,0
Dillon Smith,"6' 0""",170 lbs.,--,,0,0,0
Trevor Smith,"6' 3""",185 lbs.,"75.0""",Orthodox,15,10,0
Anthony Smith,"6' 4""",205 lbs.,"76.0""",Orthodox,38,21,0
Colton Smith,"6' 0""",155 lbs.,"71.0""",Orthodox,7,4,0
Gilbert Smith,"5' 9""",185 lbs.,--,Southpaw,12,6,0
Leslie Smith,"5' 9""",135 lbs.,"66.0""",Orthodox,10,7,1
Devonte Smith,"5' 9""",155 lbs.,"76.0""",Orthodox,11,4,0
Cole Smith,"5' 11""",135 lbs.,"67.0""",Orthodox,7,2,0
Nate Smith,"5' 6""",125 lbs.,"69.0""",Switch,6,1,0
Braxton Smith,"5' 11""",257 lbs.,"72.0""",Orthodox,5,2,0
Elijah Smith,"5' 9""",135 lbs.,"71.0""",Orthodox,8,1,0
Jacobe Smith,"5' 10""",170 lbs.,"72.0""",Southpaw,10,0,0
Walter Smith-Cotito,"5' 8""",135 lbs.,--,,4,5,0
Justin Smitley,--,145 lbs.,--,,10,7,1
Dmitrii Smoliakov,"6' 2""",253 lbs.,"74.0""",Switch,9,3,0
Louis Smolka,"5' 9""",135 lbs.,"68.0""",Orthodox,17,9,0
Cameron Smotherman,"5' 9""",135 lbs.,"69.0""",Orthodox,12,4,0
Shimon Smotritsky,"6' 2""",170 lbs.,"74.0""",Orthodox,8,2,0
Richie Smullen,"5' 9""",155 lbs.,"68.0""",Orthodox,3,1,1
Devin Smyth,"5' 10""",170 lbs.,"72.0""",Switch,4,2,0
Denis Sobolev,"6' 3""",216 lbs.,--,Orthodox,4,7,0
Peter Sobotta,"6' 0""",170 lbs.,"75.0""",Southpaw,17,7,1
Renato Sobral,"6' 1""",205 lbs.,"75.0""",Orthodox,37,11,0
Rameau Thierry Sokoudjou,"5' 10""",205 lbs.,"78.0""",Orthodox,18,18,0
Alexander Soldatkin,"6' 2""",250 lbs.,"75.0""",Orthodox,14,4,0
Joe Solecki,"5' 9""",155 lbs.,"70.0""",Orthodox,13,6,0
Chris Solomon,"5' 11""",155 lbs.,--,,0,0,0
Joe Son,"5' 4""",236 lbs.,--,Orthodox,0,4,0
Paul Song,--,185 lbs.,--,,2,2,0
Song Kenan,"6' 0""",170 lbs.,"71.0""",Orthodox,22,9,0
Song Yadong,"5' 8""",135 lbs.,"67.0""",Orthodox,22,7,1
YoungJae Song,"5' 7""",145 lbs.,"70.0""",Orthodox,6,1,1
Emrah Sonmez,"5' 10""",145 lbs.,"71.0""",Orthodox,14,5,0
Chael Sonnen,"6' 1""",205 lbs.,"73.0""",Southpaw,29,15,1
Cody Sons,"5' 9""",205 lbs.,--,,3,7,0
Jin Soo Son,"5' 6""",135 lbs.,"69.0""",Orthodox,9,4,0
Benardo Sopaj,"5' 6""",135 lbs.,"66.0""",Orthodox,12,3,0
Emiliano Sordi,"6' 2""",205 lbs.,--,Orthodox,16,7,0
Sean Soriano,"5' 9""",145 lbs.,"70.0""",Orthodox,14,8,0
Punahele Soriano,"5' 11""",170 lbs.,"72.0""",Southpaw,11,4,0
Dmitry Sosnovskiy,"6' 3""",240 lbs.,"77.0""",Orthodox,11,0,0
Ben Sosoli,"6' 0""",265 lbs.,"72.0""",Southpaw,7,3,0
Krzysztof Soszynski,"6' 1""",205 lbs.,"77.0""",Open Stance,26,12,1
George Sotiropoulos,"5' 10""",155 lbs.,"71.0""",Orthodox,14,7,0
Greg Soto,"5' 11""",170 lbs.,"73.0""",Orthodox,9,4,0
Alex Soto,"5' 8""",135 lbs.,--,Southpaw,8,3,1
Joe Soto,"5' 6""",135 lbs.,"65.0""",Orthodox,18,7,0
Mario Soto,"6' 0""",145 lbs.,--,,7,2,0
Andre Soukhamthath,"5' 9""",135 lbs.,"70.0""",Orthodox,13,8,0
Mario Sousa,"6' 3""",185 lbs.,"79.0""",Orthodox,15,3,0
Bobby Southworth,"6' 2""",205 lbs.,--,Orthodox,10,6,0
Jacare Souza,"6' 1""",185 lbs.,"72.0""",Orthodox,26,10,0
Edimilson Souza,"6' 0""",145 lbs.,"74.0""",Orthodox,15,5,0
Livinha Souza,"5' 3""",115 lbs.,"63.0""",Orthodox,14,4,0
Bruno Souza,"5' 10""",145 lbs.,"70.0""",Orthodox,10,3,0
Ketlen Souza,"5' 3""",115 lbs.,"63.0""",Orthodox,15,5,0
Heraldo Souza,"5' 11""",185 lbs.,"73.0""",Orthodox,9,2,1
Charon Spain,"5' 9""",155 lbs.,--,,14,26,0
Chris Spang,"6' 2""",170 lbs.,--,Orthodox,6,3,0
Andreas Spang,"6' 1""",185 lbs.,--,,9,3,0
Ryan Spann,"6' 5""",205 lbs.,"79.0""",Orthodox,22,11,0
Ron Sparks,"6' 5""",265 lbs.,--,,8,3,0
Tommy Speer,"5' 10""",170 lbs.,"71.0""",Orthodox,21,7,0
Patrick Speight,"6' 1""",170 lbs.,--,Orthodox,7,3,0
Sean Spencer,"5' 10""",170 lbs.,"74.0""",Orthodox,12,6,0
Felicia Spencer,"5' 6""",145 lbs.,"68.0""",Orthodox,9,3,0
Sam Spengler,"5' 11""",185 lbs.,--,Orthodox,9,5,0
Nick Sperling,--,135 lbs.,--,,3,4,0
Mario Sperry,"6' 2""",205 lbs.,--,Orthodox,13,4,0
Eric Spicely,"6' 1""",185 lbs.,"73.0""",Orthodox,12,6,0
Waachiim Spiritwolf,"5' 8""",170 lbs.,--,,12,13,1
Daniel Spitz,"6' 7""",245 lbs.,"82.0""",Orthodox,6,3,0
Serghei Spivac,"6' 3""",260 lbs.,"78.0""",Orthodox,17,5,0
Daniel Spohn,"6' 4""",205 lbs.,"79.0""",Southpaw,15,6,0
Pete Spratt,"5' 9""",170 lbs.,--,Orthodox,25,23,0
Austin Springer,"5' 8""",145 lbs.,"71.0""",Orthodox,12,4,0
Georges St-Pierre,"5' 11""",185 lbs.,"76.0""",Orthodox,26,2,0
Bobby Stack,"5' 9""",155 lbs.,--,Orthodox,8,3,0
Andreas Stahl,"5' 11""",170 lbs.,--,Orthodox,10,4,0
Ron Stallings,"6' 2""",170 lbs.,"75.0""",Southpaw,14,8,0
Cody Stamann,"5' 6""",135 lbs.,"64.0""",Orthodox,21,8,1
Cristina Stanciu,"5' 3""",115 lbs.,--,Orthodox,5,2,0
Brian Stann,"6' 1""",205 lbs.,"74.0""",Orthodox,12,6,0
Josh Stansbury,"6' 2""",205 lbs.,"74.0""",Orthodox,4,8,0
Dion Staring,"6' 1""",235 lbs.,--,Orthodox,35,14,0
Lucas Stark,--,155 lbs.,--,,1,5,0
Clifford Starks,"6' 0""",185 lbs.,"78.0""",Orthodox,13,3,0
Kalib Starnes,"6' 3""",185 lbs.,"74.0""",Orthodox,17,11,1
Laureano Staropoli,"6' 1""",185 lbs.,"71.0""",Orthodox,9,5,0
Damian Stasiak,"5' 5""",135 lbs.,"70.0""",Orthodox,10,6,0
Adam Steele,--,170 lbs.,--,,0,1,0
Dominique Steele,"5' 10""",170 lbs.,"74.0""",Orthodox,14,9,0
Ricky Steele,"5' 9""",135 lbs.,"74.0""",Orthodox,6,0,0
Kody Steele,"5' 9""",155 lbs.,"71.0""",Orthodox,7,1,0
Eric Steenberg,--,155 lbs.,--,,5,1,0
Steve Steinbeiss,"6' 3""",185 lbs.,"75.0""",Orthodox,9,4,0
Ray Steinbeiss,"5' 11""",170 lbs.,--,Orthodox,14,7,0
Dmitri Stepanov,"6' 3""",217 lbs.,--,Orthodox,0,1,0
Jeremy Stephens,"5' 9""",145 lbs.,"71.0""",Orthodox,28,19,0
Aljamain Sterling,"5' 7""",145 lbs.,"71.0""",Orthodox,24,5,0
Marc Stevens,"5' 9""",155 lbs.,--,,21,10,0
Joe Stevenson,"5' 7""",145 lbs.,"70.0""",Orthodox,33,16,0
Maia Stevenson,"5' 4""",115 lbs.,"62.0""",Orthodox,6,5,0
Luke Stewart,"5' 11""",170 lbs.,--,Orthodox,6,3,0
Darren Stewart,"6' 0""",205 lbs.,"74.0""",Orthodox,12,8,0
Kyle Stewart,"6' 0""",170 lbs.,"76.0""",Orthodox,11,3,0
Alex Stiebling,"6' 2""",205 lbs.,--,Southpaw,19,11,1
Tyler Stinson,"6' 3""",170 lbs.,--,,30,10,0
Navajo Stirling,"6' 4""",205 lbs.,"79.0""",Orthodox,6,0,0
Dan Stittgen,"6' 1""",170 lbs.,--,Orthodox,12,5,0
Lazar Stojadinovic,"5' 7""",145 lbs.,"68.0""",Southpaw,12,5,0
Denis Stojnic,"6' 0""",245 lbs.,--,Orthodox,13,3,0
Julija Stoliarenko,"5' 7""",125 lbs.,"66.0""",Orthodox,11,9,2
Dustin Stoltzfus,"6' 0""",185 lbs.,"75.0""",Orthodox,16,6,0
Niklas Stolze,"6' 1""",155 lbs.,"74.0""",Switch,12,6,0
Ken Stone,"5' 8""",135 lbs.,"71.0""",Southpaw,11,4,0
Ryan Stonitsch,"5' 9""",170 lbs.,--,Southpaw,8,1,0
George Stork,"5' 10""",185 lbs.,--,,7,9,0
Rick Story,"5' 9""",170 lbs.,"71.0""",Southpaw,19,9,0
Darko Stosic,"6' 0""",205 lbs.,"76.0""",Orthodox,13,4,0
Greg Stott,"5' 7""",220 lbs.,--,Southpaw,0,1,0
Curtis Stout,"6' 1""",185 lbs.,--,Southpaw,11,12,1
Sam Stout,"5' 9""",155 lbs.,"70.0""",Orthodox,20,12,1
Tim Stout,"5' 11""",185 lbs.,--,,12,10,0
Jesse Strader,"5' 7""",135 lbs.,"70.0""",Orthodox,5,3,0
Gennaro Strangis,--,--,--,,0,1,0
Dave Strasser,"5' 10""",170 lbs.,--,Orthodox,25,8,0
Daniel Straus,"5' 7""",145 lbs.,"71.0""",,24,7,0
Gerald Strebendt,"5' 9""",155 lbs.,--,Orthodox,9,7,0
Sean Strickland,"6' 1""",185 lbs.,"76.0""",Orthodox,29,7,0
Mark Striegl,"5' 8""",145 lbs.,"70.0""",Southpaw,18,4,0
Hans Stringer,"6' 3""",205 lbs.,--,Orthodox,22,8,3
Stefan Struve,"6' 11""",265 lbs.,"84.0""",Orthodox,33,13,0
Josh Stuart,"5' 9""",160 lbs.,--,,1,4,0
Mike Stumpf,"5' 10""",170 lbs.,--,,11,4,0
Kyle Sturgeon,"6' 3""",225 lbs.,--,Switch,0,1,0
Tatiana Suarez,"5' 5""",115 lbs.,"66.0""",Southpaw,11,1,0
Masanori Suda,"5' 9""",183 lbs.,--,Orthodox,22,11,3
Genki Sudo,"5' 9""",155 lbs.,--,Orthodox,15,4,2
Lucasz Sudolski,"6' 4""",205 lbs.,"75.0""",Orthodox,8,1,0
Daisuke Sugie,"5' 6""",160 lbs.,--,Orthodox,10,8,1
Takashi Sugiura,"5' 11""",225 lbs.,--,Southpaw,1,3,0
Naho Sugiyuma,"5' 1""",105 lbs.,--,,12,5,0
George Sullivan,"6' 0""",170 lbs.,"73.0""",Orthodox,17,7,0
Amar Suloev,"5' 9""",183 lbs.,--,Orthodox,24,7,0
Magomed Sultanakhmedov,"6' 2""",185 lbs.,--,Southpaw,18,6,0
Justin Sumter,"6' 2""",185 lbs.,"80.0""",Southpaw,7,3,0
 Sumudaerji,"5' 8""",125 lbs.,"72.0""",Southpaw,16,7,0
Rama Supandhi,"5' 5""",125 lbs.,"66.0""",Southpaw,8,4,0
Aji Susilo,"5' 10""",155 lbs.,--,,6,4,0
Jason Suttie,"6' 0""",210 lbs.,--,Orthodox,0,1,0
Joel Sutton,"5' 11""",205 lbs.,--,Orthodox,2,4,1
Chad Sutton,"6' 1""",185 lbs.,--,,2,2,0
Danilo Suzart,"6' 0""",260 lbs.,--,Orthodox,9,2,0
Martin Svensson,"6' 1""",155 lbs.,--,,15,6,0
Daniel Swain,"5' 9""",145 lbs.,"70.0""",Orthodox,20,10,1
Cub Swanson,"5' 8""",145 lbs.,"70.0""",Orthodox,30,14,0
Mike Swick,"6' 1""",170 lbs.,"77.0""",Orthodox,15,6,0
Floyd Sword,"6' 0""",185 lbs.,--,Orthodox,12,3,0
Oumar Sy,"6' 4""",205 lbs.,"83.0""",Orthodox,11,0,0
Klaudia Sygula,"5' 8""",135 lbs.,"69.0""",Orthodox,6,2,0
Bentley Syler,"5' 4""",125 lbs.,--,Orthodox,5,1,0
Kevin Syler,"5' 9""",155 lbs.,"71.0""",Switch,10,1,0
Leo Sylvest,"5' 11""",205 lbs.,--,Orthodox,10,16,0
Tony Sylvester,"6' 1""",225 lbs.,--,Southpaw,11,3,0
Tim Sylvia,"6' 8""",265 lbs.,"80.0""",Orthodox,31,10,0
Kevin Szaflarski,"6' 5""",260 lbs.,"77.0""",Orthodox,11,2,0
Bartosz Szewczyk,"6' 4""",205 lbs.,"73.0""",Orthodox,8,3,1
Osamu Tachihikari,"6' 5""",300 lbs.,--,Orthodox,0,4,0
Amber Tackett,--,115 lbs.,--,,1,3,0
Eugenio Tadeu,"5' 8""",160 lbs.,--,Orthodox,2,3,0
Justin Tafa,"6' 0""",264 lbs.,"74.0""",Southpaw,7,5,0
Junior Tafa,"6' 3""",240 lbs.,"75.0""",Orthodox,6,3,0
Khalid Taha,"5' 5""",135 lbs.,"69.0""",Orthodox,13,5,0
Joe Taimanglo,"5' 4""",135 lbs.,--,,23,7,1
Tatsuro Taira,"5' 7""",125 lbs.,"70.0""",Orthodox,16,1,0
Mairbek Taisumov,"5' 9""",155 lbs.,"73.0""",Orthodox,27,6,0
Nobuhiko Takada,"6' 0""",220 lbs.,--,Southpaw,2,6,2
Yoshiki Takahashi,"5' 11""",199 lbs.,--,Southpaw,30,27,3
Yoko Takahashi,"5' 8""",150 lbs.,--,,15,12,2
Daiju Takase,"6' 0""",170 lbs.,--,Southpaw,12,15,2
Hiroyuki Takaya,"5' 6""",139 lbs.,--,Orthodox,21,14,2
Yoshihiro Takayama,"6' 5""",280 lbs.,--,Orthodox,1,4,0
Makoto Takimoto,"5' 7""",205 lbs.,--,Southpaw,6,5,0
Oleg Taktarov,"6' 0""",210 lbs.,--,Orthodox,17,5,2
Payton Talbott,"5' 10""",135 lbs.,"70.0""",Switch,9,1,0
Nordine Taleb,"6' 1""",170 lbs.,"74.0""",Orthodox,15,7,0
Murtaza Talha,"6' 0""",205 lbs.,"74.0""",Orthodox,6,1,0
Tsuyoshi Tamakairiki,"6' 0""",220 lbs.,--,Orthodox,0,3,0
Eli Tamez,"5' 7""",135 lbs.,--,,10,0,0
Kiyoshi Tamura,"5' 11""",185 lbs.,--,Southpaw,32,13,3
Akitoshi Tamura,"5' 9""",135 lbs.,"70.0""",Orthodox,21,18,2
Issei Tamura,"5' 5""",135 lbs.,"63.0""",Orthodox,10,8,0
Jason Tan,"5' 10""",170 lbs.,--,Orthodox,5,3,0
Akihito Tanaka,--,--,--,Southpaw,2,2,0
Michinori Tanaka,"5' 5""",135 lbs.,"67.0""",Orthodox,11,3,0
Evan Tanner,"6' 0""",185 lbs.,"74.0""",Orthodox,32,8,0
Kasey Tanner,"5' 7""",135 lbs.,"69.0""",Orthodox,6,1,0
Otari Tanzilovi,"5' 10""",135 lbs.,"70.0""",Orthodox,9,1,0
Manny Tapia,"5' 5""",135 lbs.,"67.0""",Orthodox,12,14,1
Gary Tapusoa,"5' 7""",185 lbs.,--,,8,3,0
Miesha Tate,"5' 6""",135 lbs.,"65.0""",Orthodox,20,9,0
Aaron Tau,"5' 4""",135 lbs.,"66.0""",Switch,8,1,0
Deividas Taurosevicius,"5' 9""",145 lbs.,"68.0""",Southpaw,17,5,0
Thiago Tavares,"5' 7""",145 lbs.,"70.0""",Orthodox,21,7,1
Jeremy Tavares,--,135 lbs.,--,,1,6,0
Brad Tavares,"6' 1""",185 lbs.,"74.0""",Orthodox,20,11,0
Ramon Taveras,"5' 8""",135 lbs.,"70.0""",Southpaw,10,3,0
Paul Taylor,"6' 0""",155 lbs.,"72.0""",Orthodox,11,6,1
Jesse Taylor,"6' 0""",170 lbs.,"73.0""",Orthodox,31,15,0
Torrance Taylor,"5' 7""",155 lbs.,--,,13,8,1
Louis Taylor,"5' 11""",185 lbs.,--,Orthodox,13,4,0
Anthony Taylor,"5' 7""",145 lbs.,--,,1,3,0
Danielle Taylor,"5' 0""",115 lbs.,"60.0""",Orthodox,9,4,0
J.T Taylor,"5' 10""",--,--,,7,7,0
James Te Huna,"6' 2""",185 lbs.,"75.0""",Orthodox,16,9,0
Cam Teague,"5' 10""",145 lbs.,"69.0""",Orthodox,7,1,0
Shawn Teed,"6' 5""",265 lbs.,--,Orthodox,5,2,0
Glover Teixeira,"6' 2""",205 lbs.,"76.0""",Orthodox,33,9,0
John Teixeira,"5' 7""",145 lbs.,--,Orthodox,21,2,2
Ewerton Teixeira,"6' 1""",242 lbs.,--,,3,1,0
Tallison Teixeira,"6' 7""",258 lbs.,"83.0""",Orthodox,8,0,0
Tra Telligman,"6' 2""",233 lbs.,--,Orthodox,7,5,1
Ramazan Temirov,"5' 4""",125 lbs.,"63.0""",Orthodox,19,3,0
Taneisha Tennant,"5' 7""",145 lbs.,"70.0""",Orthodox,5,1,0
Herman Terrado,--,170 lbs.,--,,15,3,1
Dave Terrel,"5' 8""",170 lbs.,--,Southpaw,7,7,0
David Terrell,"6' 1""",185 lbs.,--,Southpaw,6,2,0
James Terry,"5' 10""",170 lbs.,--,Orthodox,19,9,0
Jeff Terry,"6' 2""",205 lbs.,--,,2,3,0
David Teymur,"5' 9""",155 lbs.,"73.0""",Southpaw,8,2,0
Daniel Teymur,"5' 5""",145 lbs.,"69.0""",Orthodox,7,4,0
Motonobu Tezuka,"5' 7""",135 lbs.,--,Southpaw,28,12,7
Jason Thacker,"5' 10""",185 lbs.,--,Orthodox,0,1,0
Alexia Thainara,"5' 4""",115 lbs.,"67.0""",Orthodox,12,1,0
Brandon Thatch,"6' 2""",170 lbs.,"74.0""",Switch,11,5,0
Elias Theodorou,"6' 1""",185 lbs.,"75.0""",Orthodox,16,3,0
Nik Theotikos,--,185 lbs.,--,Orthodox,6,2,0
Paulo Thiago,"5' 11""",170 lbs.,"74.0""",Orthodox,18,9,0
Colby Thicknesse,"5' 7""",135 lbs.,"69.0""",Orthodox,7,1,0
Din Thomas,"5' 9""",155 lbs.,--,Orthodox,26,9,0
Ryan Thomas,"6' 0""",170 lbs.,--,Orthodox,20,8,0
Noah Thomas,"5' 9""",135 lbs.,--,Orthodox,14,7,0
Joel Thomas,"5' 10""",170 lbs.,--,,5,2,0
Treston Thomison,"5' 8""",145 lbs.,--,,10,6,0
Nick Thompson,"6' 1""",170 lbs.,"74.0""",Orthodox,38,14,1
James Thompson,"6' 5""",265 lbs.,--,Orthodox,20,16,0
Oli Thompson,"6' 1""",242 lbs.,"75.0""",Orthodox,17,10,0
Stephen Thompson,"6' 0""",170 lbs.,"75.0""",Orthodox,17,8,1
Josh Thomson,"5' 10""",155 lbs.,"71.0""",Orthodox,22,9,0
Simeon Thoresen,"6' 1""",170 lbs.,"79.0""",Orthodox,17,6,1
Josh Thornburg,"6' 0""",170 lbs.,--,,8,8,0
Gleison Tibau,"5' 10""",155 lbs.,"71.0""",Southpaw,33,14,0
Chris Tickle,"5' 9""",155 lbs.,--,,9,9,0
Nolan Ticman,"5' 6""",125 lbs.,--,Orthodox,4,3,0
Darren Till,"6' 0""",185 lbs.,"74.0""",Southpaw,18,5,1
Brett Tillis,--,145 lbs.,--,,0,0,0
Denis Tiuliulin,"6' 1""",185 lbs.,"77.0""",Orthodox,10,10,0
Ryan Tobar,--,155 lbs.,--,,3,3,0
Andrew Todhunter,"6' 0""",185 lbs.,--,Switch,8,0,0
Dusko Todorovic,"6' 1""",185 lbs.,"74.0""",Orthodox,12,5,0
Tuco Tokkos,"6' 4""",205 lbs.,"76.0""",Orthodox,10,5,0
Hideo Tokoro,"5' 7""",135 lbs.,--,Orthodox,34,29,2
Anatoly Tokov,"5' 10""",185 lbs.,--,,25,2,0
Kazuki Tokudome,"5' 11""",155 lbs.,"73.0""",Southpaw,18,7,1
Puja Tomar,"5' 4""",115 lbs.,"59.0""",Southpaw,9,5,0
Tyler Toner,"5' 8""",145 lbs.,"70.0""",Orthodox,15,7,0
James Toney,"5' 9""",220 lbs.,--,Orthodox,0,1,0
Masanori Tonooka,"5' 8""",185 lbs.,--,Orthodox,1,2,0
Carl Toomey,--,--,--,,3,3,0
Ilia Topuria,"5' 7""",145 lbs.,"69.0""",Orthodox,16,0,0
Aleksandre Topuria,"5' 7""",135 lbs.,"68.0""",Orthodox,6,1,0
Anthony Torres,"5' 8""",170 lbs.,--,Orthodox,5,3,0
Miguel Torres,"5' 9""",135 lbs.,"76.0""",Orthodox,44,9,0
Ronys Torres,"5' 7""",155 lbs.,--,Orthodox,35,5,0
Haven Torres,--,125 lbs.,--,,0,0,0
Alex Torres,"5' 10""",145 lbs.,--,Orthodox,5,4,0
Abram Torres,"5' 10""",170 lbs.,--,,4,3,0
Jose Torres,"5' 4""",125 lbs.,"65.0""",Orthodox,8,1,0
Desmond Torres,"5' 6""",135 lbs.,"69.0""",Orthodox,7,2,0
Manuel Torres,"5' 10""",155 lbs.,"73.0""",Switch,16,3,0
Eduardo Torres Caut,"5' 7""",135 lbs.,"70.0""",Orthodox,16,2,0
Salim Touahri,"5' 10""",170 lbs.,"72.0""",Orthodox,10,4,0
Dequan Townsend,"6' 3""",205 lbs.,"79.0""",Orthodox,21,12,0
Minoru Toyonaga,"5' 11""",195 lbs.,--,Southpaw,2,5,0
Slim Trabelsi,"6' 3""",235 lbs.,--,,5,0,0
Roberto Traven,"6' 3""",227 lbs.,--,Orthodox,6,4,1
Bryan Travers,--,155 lbs.,--,,15,4,0
Alexander Trevino,--,170 lbs.,--,,7,7,0
Francisco Trevino,"5' 9""",155 lbs.,"70.0""",Orthodox,13,3,0
Angelo Trevino,"5' 11""",170 lbs.,--,Switch,7,3,0
Frank Trigg,"5' 9""",170 lbs.,"71.0""",Southpaw,21,9,0
Francisco Trinaldo,"5' 9""",170 lbs.,"70.0""",Southpaw,28,9,0
Damien Trites,"5' 11""",165 lbs.,--,,7,6,0
Michael Trizano,"5' 11""",145 lbs.,"71.0""",Orthodox,11,3,0
Antonio Trocoli,"6' 6""",185 lbs.,"79.0""",Orthodox,12,5,0
Tor Troeng,"6' 2""",185 lbs.,--,Orthodox,16,7,1
Aaron Trujillo,"5' 5""",125 lbs.,--,,0,1,0
Reynaldo Trujillo,"5' 9""",155 lbs.,--,,21,19,0
Abel Trujillo,"5' 8""",155 lbs.,"70.0""",Orthodox,15,8,0
Arman Tsarukyan,"5' 7""",155 lbs.,"72.0""",Orthodox,22,3,0
Rei Tsuruya,"5' 6""",125 lbs.,"68.0""",Orthodox,10,1,0
Chris Tuchscherer,"6' 2""",258 lbs.,"76.0""",Orthodox,21,4,0
Jon Tuck,"5' 11""",155 lbs.,"73.0""",Orthodox,10,5,0
Gavin Tucker,"5' 6""",145 lbs.,"66.0""",Southpaw,13,3,0
Jumabieke Tuerxun,"5' 7""",135 lbs.,--,Orthodox,19,4,1
Tom Tuggle,"6' 2""",250 lbs.,--,Orthodox,0,3,0
Blair Tugman,"6' 0""",135 lbs.,--,,10,6,0
Tai Tuivasa,"6' 2""",264 lbs.,"75.0""",Southpaw,15,8,0
Zubaira Tukhugov,"5' 8""",155 lbs.,"68.0""",Orthodox,20,6,1
Teila Tuli,"6' 0""",430 lbs.,--,Orthodox,0,1,0
Marco Tulio,"6' 0""",185 lbs.,"74.0""",Orthodox,13,1,0
Nyamjargal Tumendemberel,"5' 7""",125 lbs.,"71.0""",Orthodox,8,1,0
Albert Tumenov,"5' 11""",170 lbs.,"73.0""",Orthodox,18,4,0
Ricky Turcios,"5' 9""",135 lbs.,"71.0""",Orthodox,13,5,0
Anton Turkalj,"6' 4""",205 lbs.,"78.0""",Orthodox,8,4,0
Wellington Turman,"6' 0""",170 lbs.,"72.0""",Orthodox,18,8,0
Courtney Turner,"6' 2""",170 lbs.,--,,0,3,0
Jalin Turner,"6' 3""",155 lbs.,"77.0""",Southpaw,14,9,0
Austin Tweedy,"5' 9""",155 lbs.,--,Orthodox,8,2,0
Marcin Tybura,"6' 3""",249 lbs.,"78.0""",Orthodox,27,9,0
Takeru Uchida,"5' 5""",125 lbs.,"68.0""",Southpaw,6,1,0
Alberto Uda,"6' 3""",185 lbs.,--,Orthodox,12,2,0
Ryuki Ueyama,"5' 11""",180 lbs.,--,Southpaw,12,18,5
Christian Uflacker,"5' 11""",170 lbs.,--,,5,0,0
Andy Uhrich,"6' 0""",170 lbs.,--,,11,6,0
Tagir Ulanbekov,"5' 7""",125 lbs.,"70.0""",Southpaw,16,2,0
Carlos Ulberg,"6' 4""",205 lbs.,"77.0""",Orthodox,13,1,0
Gasan Umalatov,"5' 11""",170 lbs.,"71.0""",Orthodox,17,4,2
Jeremy Umphries,--,160 lbs.,--,,5,2,0
Zach Underwood,"6' 2""",185 lbs.,--,,13,7,0
Caol Uno,"5' 7""",155 lbs.,"70.0""",Southpaw,33,19,5
Kengo Ura,"5' 9""",165 lbs.,--,,14,12,2
Logan Urban,"6' 0""",170 lbs.,"72.0""",Orthodox,5,1,0
Hector Urbina,"5' 11""",170 lbs.,"73.0""",Orthodox,17,10,1
Elias Urbina,"6' 3""",185 lbs.,"77.0""",Southpaw,3,1,0
Gilbert Urbina,"6' 3""",170 lbs.,"75.0""",Orthodox,7,4,0
Nick Urso,"5' 6""",125 lbs.,"66.0""",Southpaw,10,3,0
Yasuhiro Urushitani,"5' 5""",125 lbs.,--,Southpaw,21,8,6
Sho Patrick Usami,"5' 9""",155 lbs.,"70.0""",Orthodox,4,1,0
Kamaru Usman,"6' 0""",170 lbs.,"76.0""",Switch,20,4,0
Mohammed Usman,"6' 2""",239 lbs.,"79.0""",Orthodox,11,4,0
Darren Uyenoyama,"5' 6""",125 lbs.,"65.0""",Orthodox,10,6,0
Richie Vaculik,"5' 6""",125 lbs.,"69.0""",Orthodox,10,4,0
Artem Vakhitov,"6' 1""",205 lbs.,"75.0""",Orthodox,3,1,0
Egidijus Valavicius,"6' 0""",200 lbs.,--,Orthodox,29,12,0
Genaro Valdez,"5' 9""",155 lbs.,"72.0""",Orthodox,10,3,0
Charlie Valencia,"5' 3""",135 lbs.,"64.0""",Orthodox,12,7,0
Robert Valentin,"6' 2""",185 lbs.,"77.0""",Orthodox,11,4,0
Victor Valenzuela,"5' 10""",155 lbs.,--,,13,6,2
Ivan Valenzuela,"6' 2""",185 lbs.,"77.0""",Orthodox,8,2,0
Timur Valiev,"5' 6""",135 lbs.,"67.0""",Orthodox,18,3,0
Victor Valimaki,"6' 0""",205 lbs.,--,Orthodox,18,10,0
Andrew Valladerez,--,135 lbs.,--,,5,7,0
Kevin Vallejos,"5' 7""",145 lbs.,"68.0""",Switch,15,1,0
Isaac Vallie-Flagg,"5' 8""",155 lbs.,"70.0""",Orthodox,16,7,1
Joshua Van,"5' 5""",125 lbs.,"65.0""",Orthodox,13,2,0
Mike van Arsdale,"6' 2""",205 lbs.,--,Switch,8,5,0
Matt Van Buren,"6' 5""",205 lbs.,--,,7,6,0
Ron van Clief,"5' 10""",190 lbs.,--,Orthodox,0,1,0
Lloyd Van Dams,"6' 1""",240 lbs.,--,Southpaw,0,1,0
Alain Van der Merckt,--,185 lbs.,--,,8,0,0
Cameron VanCamp,"6' 2""",155 lbs.,"74.0""",Switch,15,7,1
Chad Vance,"6' 0""",185 lbs.,--,Orthodox,7,5,0
Jared Vanderaa,"6' 4""",265 lbs.,"80.0""",Orthodox,12,10,0
Austin Vanderford,"5' 11""",170 lbs.,"74.0""",Orthodox,13,2,0
Lando Vannata,"5' 9""",155 lbs.,"71.0""",Orthodox,12,7,2
Paige VanZant,"5' 4""",115 lbs.,"65.0""",Orthodox,8,5,0
Paul Varelans,"6' 8""",300 lbs.,--,Orthodox,9,9,0
Kazula Vargas,"5' 8""",155 lbs.,"71.0""",Southpaw,12,5,0
Jamie Varner,"5' 8""",155 lbs.,"71.0""",Orthodox,21,11,1
Guilherme Vasconcelos,"6' 0""",185 lbs.,--,Orthodox,9,4,0
Linton Vassell,"6' 4""",205 lbs.,--,,18,5,0
Billy Vaughan,"5' 6""",155 lbs.,--,,12,17,0
Yuri Vaulin,"6' 4""",197 lbs.,--,Southpaw,0,1,0
Javier Vazquez,"5' 7""",145 lbs.,"69.0""",Southpaw,16,5,0
Manny Vazquez,"5' 10""",125 lbs.,"72.0""",Orthodox,11,2,0
Matt Veach,"5' 11""",155 lbs.,--,Orthodox,17,5,0
Joe Vedepo,"6' 0""",185 lbs.,--,Orthodox,18,9,0
Kelly Velasco,"5' 9""",135 lbs.,--,Orthodox,2,1,0
Greg Velasco,"6' 2""",265 lbs.,"70.0""",Southpaw,6,1,0
Cain Velasquez,"6' 1""",240 lbs.,"77.0""",Orthodox,14,3,0
David Velasquez,"5' 5""",145 lbs.,--,Orthodox,10,10,0
Bojan Velickovic,"6' 0""",170 lbs.,"76.0""",Southpaw,15,6,1
Karlos Vemola,"6' 0""",185 lbs.,"75.0""",Orthodox,17,5,0
Luigi Vendramini,"5' 8""",155 lbs.,"73.0""",Orthodox,9,3,0
Jerrel Venetiaan,"6' 1""",195 lbs.,--,Orthodox,4,3,0
Scott Ventimiglia,"5' 11""",185 lbs.,--,,14,6,1
Brandon Vera,"6' 3""",230 lbs.,"78.0""",Orthodox,15,7,0
Kerry Vera,"5' 7""",135 lbs.,--,Orthodox,2,0,0
Marlon Vera,"5' 8""",135 lbs.,"70.0""",Switch,23,10,1
Carlos Vera,"5' 6""",135 lbs.,"69.0""",Orthodox,12,4,0
Isis Verbeek,"5' 4""",115 lbs.,"64.0""",Orthodox,5,2,0
Ernie Verdicia,"5' 11""",199 lbs.,--,Orthodox,0,1,0
Joe Veres,"5' 7""",155 lbs.,--,Orthodox,4,3,0
Nikolay Veretennikov,"6' 1""",170 lbs.,"74.0""",Orthodox,12,6,0
CJ Vergara,"5' 6""",125 lbs.,"68.0""",Orthodox,12,7,1
Renato Verissimo,"6' 1""",170 lbs.,--,Orthodox,7,5,0
Bryan Vetell,"6' 3""",265 lbs.,--,Southpaw,4,3,0
Marvin Vettori,"6' 0""",185 lbs.,"74.0""",Southpaw,19,8,1
Hugo Viana,"5' 6""",135 lbs.,"67.0""",Orthodox,8,4,0
Guilherme Viana,"6' 4""",205 lbs.,--,,7,3,0
Polyana Viana,"5' 5""",115 lbs.,"67.0""",Orthodox,13,7,0
Vitor Vianna,--,205 lbs.,--,Orthodox,12,3,1
James Vick,"6' 3""",155 lbs.,"76.0""",Orthodox,13,5,0
Tamires Vidal,"5' 6""",135 lbs.,"68.0""",Orthodox,7,4,0
Milton Vieira,"6' 0""",145 lbs.,--,Orthodox,13,8,2
Reginaldo Vieira,"5' 7""",135 lbs.,"65.0""",Orthodox,13,5,0
Ketlen Vieira,"5' 8""",135 lbs.,"68.0""",Orthodox,14,4,0
Rodolfo Vieira,"6' 0""",185 lbs.,"73.0""",Orthodox,10,3,0
Steve Vigneault,"5' 10""",185 lbs.,--,Orthodox,12,6,0
Alejandro Villalobos,"5' 7""",145 lbs.,--,,17,5,0
DeMarco Villalona,"5' 9""",185 lbs.,--,,1,3,0
Gian Villante,"6' 3""",230 lbs.,"76.0""",Orthodox,17,14,0
Ike Villanueva,"6' 1""",205 lbs.,"73.0""",Orthodox,18,14,0
Ruben Villareal,"6' 4""",265 lbs.,--,Orthodox,22,28,3
Armando Villarreal,"5' 7""",135 lbs.,"66.0""",Southpaw,5,2,0
Pablo Villaseca,"5' 7""",155 lbs.,--,,12,3,0
Joey Villasenor,"6' 0""",185 lbs.,--,Orthodox,29,10,0
Danillo Villefort,"6' 1""",185 lbs.,--,Orthodox,15,5,0
Yuri Villefort,"6' 0""",170 lbs.,"73.0""",Orthodox,10,5,0
Marcos Vinicius,"5' 9""",125 lbs.,--,Orthodox,23,11,1
Brandon Visher,"5' 6""",135 lbs.,"68.0""",Orthodox,13,3,0
Falaniko Vitale,"5' 10""",185 lbs.,--,Orthodox,30,11,0
Cheyanne Vlismas,"5' 3""",115 lbs.,"63.0""",Switch,7,3,0
Bobby Voelker,"6' 0""",170 lbs.,"74.0""",Orthodox,19,13,0
Mateo Vogel,"5' 8""",145 lbs.,"71.0""",Orthodox,8,3,0
Danylo Voievodkin,"6' 4""",265 lbs.,"78.0""",Southpaw,7,0,0
Alexander Volkanovski,"5' 6""",145 lbs.,"71.0""",Orthodox,26,4,0
Jacob Volkmann,"5' 9""",155 lbs.,"71.0""",Southpaw,19,7,0
Alexander Volkov,"6' 7""",250 lbs.,"80.0""",Orthodox,38,11,0
Jason Von Flue,"6' 0""",170 lbs.,--,Orthodox,14,12,1
Milco Voorn,--,220 lbs.,--,Orthodox,20,11,1
Mark Vorgeas,"5' 10""",135 lbs.,--,,5,3,1
Igor Vovchanchyn,"5' 8""",205 lbs.,--,Orthodox,55,10,0
Jordan Vucenic,"5' 10""",155 lbs.,"73.0""",Orthodox,13,4,0
James Wade,"5' 10""",205 lbs.,--,,4,11,0
Chris Wade,"5' 10""",155 lbs.,"70.0""",Orthodox,12,3,0
Neil Wain,"5' 10""",242 lbs.,--,Orthodox,13,4,0
TJ Waldburger,"5' 11""",170 lbs.,"75.0""",Orthodox,16,9,0
Chase Waldon,"6' 1""",185 lbs.,"75.0""",Orthodox,11,2,0
Andre Walker,"5' 11""",205 lbs.,--,Southpaw,1,5,0
Herschel Walker,"6' 1""",215 lbs.,--,Orthodox,2,0,0
Donny Walker,"5' 9""",135 lbs.,--,,15,10,0
Johnny Walker,"6' 6""",205 lbs.,"82.0""",Orthodox,21,9,0
Brogan Walker,"5' 4""",125 lbs.,"67.0""",Switch,8,4,0
Valter Walker,"6' 6""",265 lbs.,"78.0""",Orthodox,13,1,0
Julius Walker,"6' 4""",205 lbs.,"78.0""",Orthodox,6,1,0
Ben Wall,"5' 10""",155 lbs.,--,Orthodox,8,7,1
Crafton Wallace,"6' 0""",185 lbs.,--,Orthodox,18,6,1
Rodney Wallace,"5' 9""",205 lbs.,"72.0""",Switch,26,15,1
Jeremy Wallace,"5' 9""",--,--,,4,6,0
Randall Wallace,"5' 11""",185 lbs.,"73.0""",Orthodox,15,6,0
James Wallace,"5' 10""",155 lbs.,"69.0""",Orthodox,5,2,0
Jim Wallhead,"5' 10""",170 lbs.,--,Orthodox,29,11,0
Cory Walmsley,"6' 0""",205 lbs.,--,Orthodox,8,2,0
Richard Walsh,"6' 0""",170 lbs.,"73.0""",Orthodox,9,5,0
Patrick Walsh,"5' 11""",185 lbs.,--,,10,3,0
Erick Wanderlei,"6' 1""",205 lbs.,--,Orthodox,3,3,0
Dimitiri Wanderley,--,205 lbs.,--,Orthodox,5,2,0
Andy Wang,"5' 6""",155 lbs.,--,Orthodox,7,8,1
Sai Wang,"6' 0""",170 lbs.,--,Southpaw,20,6,1
Anying Wang,"6' 0""",170 lbs.,--,Orthodox,2,1,0
Wang Cong,"5' 6""",125 lbs.,"66.0""",Southpaw,7,1,0
Joshua Wang-Kim,"5' 9""",135 lbs.,"71.0""",Switch,5,2,0
Curt Warburton,"6' 0""",155 lbs.,"73.0""",Orthodox,13,6,0
Brennan Ward,"5' 10""",170 lbs.,"71.0""",,14,5,0
Charlie Ward,"5' 11""",170 lbs.,--,Orthodox,3,3,0
Terrion Ware,"5' 8""",135 lbs.,"71.0""",Orthodox,17,9,0
Joe Warren,"5' 6""",135 lbs.,--,Orthodox,15,6,0
Brian Warren,"6' 0""",185 lbs.,--,Orthodox,18,17,1
Merritt Warren,"5' 10""",155 lbs.,--,Southpaw,3,3,0
Idris Wasi,"6' 0""",186 lbs.,--,,2,14,0
Kengo Watanabe,"6' 4""",220 lbs.,--,Orthodox,8,13,3
Kazuhisa Watanabe,"5' 6""",139 lbs.,--,,0,1,0
Ron Waterman,"6' 2""",280 lbs.,--,Orthodox,16,6,2
Andy Waters,"6' 0""",170 lbs.,--,,1,2,0
Dominic Waters,"6' 1""",170 lbs.,"79.0""",Orthodox,9,5,0
Trey Waters,"6' 5""",170 lbs.,"77.0""",Orthodox,9,1,0
Michelle Waterson-Gomez,"5' 3""",115 lbs.,"62.0""",Orthodox,18,13,0
Sam Watford,--,155 lbs.,--,,2,2,0
Blake Watkins,--,185 lbs.,--,,5,1,0
Kyle Watson,"6' 0""",155 lbs.,--,Southpaw,13,8,1
Maka Watson,--,155 lbs.,--,,4,2,0
Walel Watson,"5' 11""",135 lbs.,"75.0""",Orthodox,14,10,0
Tom Watson,"6' 1""",185 lbs.,"73.0""",Orthodox,17,9,0
Enrique Watson,--,185 lbs.,--,,3,1,0
Brok Weaver,"6' 0""",155 lbs.,"73.0""",Southpaw,15,6,0
Jonavin Webb,"5' 10""",170 lbs.,--,Orthodox,9,2,0
Stephanie Webber,"5' 6""",135 lbs.,--,,2,2,0
Royston Wee,"5' 7""",135 lbs.,"67.0""",Orthodox,4,1,0
Darian Weeks,"5' 11""",170 lbs.,"72.0""",Orthodox,5,3,0
Joshua Weems,"5' 8""",135 lbs.,"69.0""",Orthodox,11,3,0
Daniel Weichel,"5' 10""",145 lbs.,"70.0""",,39,9,0
Chris Weidman,"6' 2""",185 lbs.,"78.0""",Orthodox,16,8,0
Mark Weir,"6' 2""",185 lbs.,--,Southpaw,21,18,1
Christian Wellisch,"6' 2""",234 lbs.,"77.0""",Orthodox,8,5,0
Malcolm Wellmaker,"5' 10""",135 lbs.,"71.0""",Switch,8,0,0
Jeremiah Wells,"5' 9""",170 lbs.,"74.0""",Switch,12,4,1
Fabricio Werdum,"6' 4""",231 lbs.,"77.0""",Orthodox,24,9,1
Mike Wessel,"6' 0""",260 lbs.,--,Orthodox,15,8,0
Dustin West,"5' 11""",170 lbs.,--,,6,6,0
Sheldon Westcott,"6' 1""",170 lbs.,"71.0""",Southpaw,10,3,1
Aaron Wetherspoon,--,170 lbs.,--,,9,5,0
Coty Wheeler,"5' 6""",135 lbs.,"67.0""",Orthodox,14,5,0
Vernon White,"6' 0""",205 lbs.,--,Southpaw,26,33,2
Steve White,"5' 11""",175 lbs.,--,,1,4,0
Alex White,"6' 0""",155 lbs.,"71.0""",Southpaw,13,6,0
Craig White,"6' 2""",170 lbs.,"76.0""",Orthodox,14,9,0
Patrik White,"6' 0""",155 lbs.,"72.0""",Orthodox,9,2,0
Robert Whiteford,"5' 9""",145 lbs.,"69.0""",Southpaw,14,4,0
Mike Whitehead,"6' 1""",205 lbs.,--,Orthodox,27,8,0
Garett Whiteley,"6' 0""",155 lbs.,"72.0""",Orthodox,7,3,0
Mitch Whitesel,"5' 9""",185 lbs.,--,,17,27,0
Emily Whitmire,"5' 5""",125 lbs.,"63.0""",Orthodox,4,5,0
Robert Whittaker,"6' 0""",185 lbs.,"73.0""",Orthodox,27,8,0
Josh Wick,"5' 9""",155 lbs.,"69.0""",Switch,12,6,0
Adam Wieczorek,"6' 5""",250 lbs.,"81.0""",Orthodox,10,2,0
Orlando Wiet,"5' 10""",170 lbs.,--,Southpaw,1,5,0
Jonathan Wiezorek,"6' 3""",250 lbs.,--,Southpaw,11,2,0
Justin Wilcox,"5' 6""",155 lbs.,--,Orthodox,14,7,0
Joe Wilk,"5' 9""",145 lbs.,--,,19,11,0
Aaron Wilkinson,"5' 10""",155 lbs.,--,Orthodox,11,7,0
Mike Wilkinson,"5' 7""",145 lbs.,"66.0""",Orthodox,9,4,0
Rob Wilkinson,"6' 3""",185 lbs.,"80.0""",Orthodox,11,2,0
James Wilks,"6' 1""",170 lbs.,"75.0""",Orthodox,7,4,0
Tedd Williams,"6' 1""",275 lbs.,--,Orthodox,7,1,0
Pete Williams,"6' 3""",235 lbs.,--,Orthodox,12,6,0
Rubin Williams,"6' 1""",185 lbs.,--,Orthodox,0,1,0
Carter Williams,"6' 1""",265 lbs.,--,Orthodox,4,5,0
Patrick Williams,"5' 8""",135 lbs.,"73.0""",Orthodox,8,6,0
Tim Williams,"6' 2""",185 lbs.,"76.0""",Orthodox,15,5,0
Jordan Williams,"6' 1""",185 lbs.,"75.0""",Southpaw,9,6,0
Cole Williams,"6' 0""",170 lbs.,"73.0""",Orthodox,11,3,0
Khaos Williams,"6' 0""",170 lbs.,"77.0""",Orthodox,15,4,0
Karl Williams,"6' 3""",235 lbs.,"79.0""",Orthodox,10,2,0
Karl Willis,--,--,--,,0,5,0
Justin Willis,"6' 1""",264 lbs.,"78.0""",Southpaw,8,2,0
Chris Wilson,"6' 1""",170 lbs.,"75.0""",Orthodox,18,10,0
Greg Wilson,--,155 lbs.,--,,2,3,0
Jonathan Wilson,"6' 2""",205 lbs.,"75.0""",Southpaw,7,3,0
Sean Wilson,"5' 8""",145 lbs.,--,,36,29,0
Westin Wilson,"6' 1""",145 lbs.,"73.0""",Southpaw,17,9,0
Matt Wiman,"5' 10""",155 lbs.,"68.0""",Orthodox,16,10,0
Eddie Wineland,"5' 7""",135 lbs.,"69.0""",Orthodox,24,16,1
Deron Winn,"5' 6""",185 lbs.,"70.0""",Orthodox,7,3,0
Andre Winner,"5' 11""",155 lbs.,"73.0""",Orthodox,21,11,2
Eric Wisely,"5' 8""",145 lbs.,--,Southpaw,26,9,1
Keith Wisniewski,"6' 0""",170 lbs.,--,Orthodox,28,15,1
Jason Witt,"5' 10""",170 lbs.,"70.0""",Orthodox,19,9,0
Travis Wiuff,"6' 3""",205 lbs.,--,Orthodox,75,21,0
Ray Wizard,--,--,--,,0,1,0
Karolina Wojcik,"5' 2""",115 lbs.,--,Orthodox,9,2,0
Danyelle Wolf,"5' 11""",145 lbs.,"70.0""",Orthodox,1,1,0
Brandon Wolff,"5' 9""",170 lbs.,--,Orthodox,7,5,0
Xue Do Won,"5' 7""",165 lbs.,--,,0,1,0
Joanne Wood,"5' 6""",125 lbs.,"65.0""",Orthodox,17,8,0
Nathaniel Wood,"5' 6""",145 lbs.,"69.0""",Orthodox,21,6,0
Val Woodburn,"5' 8""",170 lbs.,"74.0""",Orthodox,7,2,0
Tyron Woodley,"5' 9""",170 lbs.,"74.0""",Orthodox,19,7,1
Salvador Woods,"5' 11""",170 lbs.,--,,8,17,0
Logan Woods,--,185 lbs.,--,,5,1,0
Sean Woodson,"6' 2""",145 lbs.,"78.0""",Orthodox,13,1,1
Cal Worsham,"5' 11""",230 lbs.,--,Orthodox,13,10,0
Hunter Worsham,--,185 lbs.,--,,7,3,0
Khama Worthy,"5' 11""",155 lbs.,"74.0""",Orthodox,16,9,0
Eric Wray,"6' 0""",170 lbs.,--,Orthodox,5,1,0
Justin Wren,"6' 2""",265 lbs.,--,Orthodox,13,2,0
JW Wright,--,130 lbs.,--,,1,0,0
Chris Wright,--,--,--,,8,5,1
Jordan Wright,"6' 2""",205 lbs.,"77.0""",Orthodox,12,5,0
Marcin Wrzosek,"5' 9""",155 lbs.,--,,12,4,0
Wu Yanan,"5' 8""",135 lbs.,"66.0""",Orthodox,13,6,0
 Wulijiburen,"5' 9""",135 lbs.,"69.0""",Orthodox,20,9,0
Wuziazibieke Jiahefu,"5' 9""",145 lbs.,"70.0""",Orthodox,29,12,1
Rubens Xavier,"6' 3""",220 lbs.,--,Orthodox,5,3,0
Xiao Long,"5' 8""",135 lbs.,"70.0""",Orthodox,27,9,0
Xie Bin,"5' 9""",145 lbs.,"71.0""",Orthodox,13,4,0
Jamie Yager,"6' 1""",185 lbs.,--,Orthodox,8,4,0
Eddie Yagin,"5' 7""",145 lbs.,--,Orthodox,16,7,1
Rani Yahya,"5' 6""",135 lbs.,"67.0""",Orthodox,28,12,1
Mohammad Yahya,"5' 9""",155 lbs.,"73.0""",Switch,12,5,0
Alexander Yakovlev,"6' 3""",155 lbs.,"74.0""",Southpaw,24,10,1
Keiichiro Yamamiya,"5' 11""",185 lbs.,--,Southpaw,45,35,10
Kenichi Yamamoto,"6' 0""",170 lbs.,--,Orthodox,5,12,2
Yoshihisa Yamamoto,"6' 2""",220 lbs.,--,Southpaw,14,25,1
Atsushi Yamamoto,"5' 6""",139 lbs.,--,Orthodox,19,11,3
Norifumi Yamamoto,"5' 4""",135 lbs.,"66.0""",Southpaw,18,6,0
Hiroko Yamanaka,"5' 11""",135 lbs.,--,,13,3,0
Goiti Yamauchi,"5' 10""",145 lbs.,--,,21,3,0
Takeshi Yamazaki,"5' 8""",139 lbs.,--,Southpaw,15,12,3
Yan Xiaonan,"5' 5""",115 lbs.,"63.0""",Orthodox,19,4,0
Petr Yan,"5' 7""",135 lbs.,"67.0""",Switch,18,5,0
Yan Qihui,"5' 3""",125 lbs.,"62.0""",Orthodox,25,5,0
Adam Yandiev,"5' 9""",185 lbs.,"74.0""",Orthodox,9,1,0
Adrian Yanez,"5' 7""",135 lbs.,"70.0""",Orthodox,17,6,0
Dongi Yang,"5' 10""",185 lbs.,"73.0""",Southpaw,13,3,0
Jianping Yang,"5' 7""",145 lbs.,--,Orthodox,11,4,1
Masutatsu Yano,"5' 9""",198 lbs.,--,Orthodox,2,4,1
Emmanuel Yarborough,"6' 8""",770 lbs.,--,Open Stance,1,2,0
Cale Yarbrough,"6' 1""",185 lbs.,--,Orthodox,8,3,0
Tadao Yasuda,"6' 4""",310 lbs.,--,Orthodox,2,4,0
Yoshiaki Yatsu,"6' 1""",165 lbs.,--,Orthodox,0,2,0
Chris Yee,"5' 9""",185 lbs.,--,,4,6,0
 Yibugele,"5' 7""",145 lbs.,"69.0""",Southpaw,24,13,1
Yin Shuai,"5' 7""",125 lbs.,"65.0""",Southpaw,16,5,0
 Yizha,"5' 7""",145 lbs.,"71.0""",Orthodox,25,5,0
Ashley Yoder,"5' 7""",115 lbs.,"69.0""",Southpaw,8,9,0
Hirotaka Yokoi,"5' 11""",205 lbs.,--,Orthodox,11,5,0
Kazunori Yokota,"5' 8""",154 lbs.,--,Orthodox,25,7,3
John Yoo,--,135 lbs.,--,,0,1,0
SangHoon Yoo,"6' 0""",170 lbs.,"74.0""",Orthodox,8,2,0
Joo Sang Yoo,--,145 lbs.,--,,8,0,0
Dong Sik Yoon,"6' 0""",185 lbs.,--,Orthodox,9,9,0
Yoshiyuki Yoshida,"5' 11""",170 lbs.,"70.0""",Southpaw,18,9,0
Hidehiko Yoshida,"5' 11""",225 lbs.,--,Orthodox,6,8,1
SuYoung You,"5' 6""",135 lbs.,"65.0""",Orthodox,15,3,0
Kaitlin Young,"5' 9""",135 lbs.,--,Orthodox,7,9,1
Artenus Young,--,205 lbs.,--,,10,12,0
Trenell Young,"5' 6""",145 lbs.,--,Orthodox,11,9,0
Jason Young,"5' 9""",145 lbs.,"73.0""",Orthodox,9,6,0
Shane Young,"5' 8""",145 lbs.,"72.0""",Orthodox,13,8,0
Shanna Young,"5' 7""",125 lbs.,"65.0""",Orthodox,9,6,0
Gauge Young,"5' 9""",155 lbs.,"70.0""",Orthodox,8,2,0
Besam Yousef,"5' 11""",170 lbs.,--,Orthodox,7,4,0
Han Ten Yun,"5' 11""",220 lbs.,--,,0,1,0
Rob Yundt,"6' 1""",185 lbs.,--,Orthodox,9,5,0
Sodiq Yusuff,"5' 9""",145 lbs.,"71.0""",Orthodox,13,4,0
Gilbert Yvel,"6' 2""",225 lbs.,"77.0""",Orthodox,39,16,1
Luke Zachrich,"6' 2""",185 lbs.,"74.0""",Orthodox,14,4,0
Anton Zafir,"5' 11""",170 lbs.,--,Orthodox,7,3,0
Aiemann Zahabi,"5' 8""",135 lbs.,"68.0""",Orthodox,12,2,0
Joao Zaiden,--,205 lbs.,--,,10,3,0
Youssef Zalal,"5' 10""",145 lbs.,"72.0""",Switch,17,5,1
Elizeu Zaleski dos Santos,"5' 11""",170 lbs.,"73.0""",Orthodox,25,9,1
Zach Zane,"5' 7""",145 lbs.,"69.0""",Southpaw,10,7,0
Roger Zapata,"5' 11""",170 lbs.,--,Southpaw,4,2,0
Marius Zaromskis,"5' 9""",170 lbs.,--,Orthodox,20,9,0
David Zawada,"6' 0""",170 lbs.,"75.0""",Orthodox,17,7,0
Manolo Zecchini,"5' 8""",145 lbs.,"68.0""",Orthodox,11,4,0
Joao Zeferino,"5' 11""",170 lbs.,--,Orthodox,21,9,0
Daniel Zellhuber,"6' 1""",155 lbs.,"77.0""",Switch,15,2,0
Craig Zellner,"6' 2""",205 lbs.,--,Orthodox,4,3,0
Rickson Zenidim,"5' 7""",125 lbs.,"67.0""",Orthodox,14,2,0
Roman Zentsov,"6' 1""",230 lbs.,--,Orthodox,18,12,0
Carlos Zevallos,"6' 0""",205 lbs.,--,Orthodox,3,4,0
Zhang Tiequan,"5' 8""",155 lbs.,"69.0""",Orthodox,15,4,0
Zhang Lipeng,"5' 11""",155 lbs.,"71.0""",Southpaw,23,9,1
Zhang Weili,"5' 4""",115 lbs.,"63.0""",Switch,26,3,0
Zhang Mingyang,"6' 2""",205 lbs.,"75.0""",Orthodox,18,6,0
Daermisi Zhawupasi,"5' 8""",135 lbs.,"68.0""",Switch,9,2,0
Daria Zhelezniakova,"5' 9""",135 lbs.,"68.0""",Orthodox,9,2,0
Yao Zhikui,"5' 5""",125 lbs.,"64.0""",Orthodox,2,4,0
Zhu Kangjie,"5' 6""",145 lbs.,"70.0""",Orthodox,20,4,0
Zhalgas Zhumagulov,"5' 4""",125 lbs.,"66.0""",Switch,14,9,0
Fares Ziam,"6' 1""",155 lbs.,"75.0""",Orthodox,17,4,0
Mike Zichelle,--,205 lbs.,--,,8,4,0
James Zikic,"6' 2""",205 lbs.,--,Orthodox,21,10,2
Errol Zimmerman,"6' 3""",185 lbs.,--,Orthodox,0,1,0
Cat Zingano,"5' 6""",145 lbs.,"68.0""",Southpaw,10,4,0
Igor Zinoviev,"6' 1""",199 lbs.,--,Orthodox,4,1,2
Dave Zitanick,--,170 lbs.,--,,5,7,0
Alex Zuniga,--,145 lbs.,--,,6,3,0
George Zuniga,"5' 9""",185 lbs.,--,,3,1,0
Allan Zuniga,"5' 7""",155 lbs.,"70.0""",Orthodox,13,1,0
Virgil Zwicker,"6' 2""",205 lbs.,"74.0""",,15,6,1
